comment,rating
Hàng ok nhé hfdtuijhdseyjbcx jkhgffgkiygewdgj hggfdfhutrffhu  jhgf ihugudyfyvugifd iifufuugiruesfg htschuiy ghê ytefcjtdgk jhfdxvjurefjiuy vgyrdvjiugfv,5
Đóng gói sản phẩm chắc chắn quần mặc  mát chất đẹp mát mặc  nhẹ...,5
Giao sai mau. Mua của shop nh lần. Từ thuốc đến sữa đều ưng ý. Giao hàng nhanh có hoá đơn. Rất tin tưởng.,5
"Vai dep, mat mẻ. 68 ki nhung vẫn hơi rộng. Lần sau mua nữa sẽ lấy size nhỏ hơn",5
"Trong mô tả có để đóng gói quy cách túi zip 1 quần
Nhưng thực tế thì ko có nha
Chất lượng sp rất xịn nha. Mình nghĩ mn nên mua
Shop tư vấn size thân thiện",5
"Quần đẹp, mềm mịn mát. Tuy nhiên thì quần màu trắng này không giống như hình, không có phần chữ ở lưng quần (mà mình thích cái đó). Chất liệu tuy tốt nhưng nhìn không giống hình, mà kiểu như cái màu đỏ. Quần bị dính một chấm đen đen, giặt 2 lần vẫn chưa ra, không biết có ra được không. Chung thì ok.",5
Giao hàng nhanh chất dày đẹp nhưng mỗi cái một loại chữ khác nhau k hiểu,5
"Chất lượng tốt, nhẹ, mát, hihihihihihihihihihihihihihihi",5
"Quần chất đẹp, phù hợp với giá tiền, chồng mình mặc vào vừa vặn. Thanks shop 
Chúc shop buôn may bán đắt ❤️",5
Mặc mát nhẹ như không.,5
"Quan dep nhu hinh, vai dep, shop giao hang nhanh, se ung ho shop",5
Hang dep dung chat luong ung ho shop dai dai.re ma dep,5
Chất liệu thoáng mát đẹp,5
"Vải rất thích luôn, không biết viền ép keo có dễ bung ra không",5
"Đóng gói sản phẩm cẩn thận
Chất liệu vải mát
Sản phẩm tuyệt vời",5
Very good,5
"safsgdshgjdhdskjruiowriyetowdxfbdjgfoiwopjdndlfgidfisdhkfldkjgldhgP""ehgjdghdkgjdshgsgjdlkgjpsfjsdkgjkdgd;lgjdgkjdl;jdlgjddgdgfh",5
Rất Ok nhé mn. Loại QLMen thì dầy dặn hơn tí. Nói chung sẽ ủng hộ...,5
Quần ok nhưng giao nhầm một cái ko có chữ qlen. Ko biết shop cố ý hay là sao,5
"Quần vải mát,mỏng",5
ship nhanh.hành thì ok,5
