,raw_comment,standard_comment,label,mark
2704,Chแบฅt ok. Nhฦฐng phแบงn lฦฐng รกo bแป bแบฉn khรดng biแบฟt giแบทt sแบกch khรดng,bแบฉn khรดng_biแบฟt chแบฅt ok nhฦฐng phแบงn รกo bแป khรดng,-1,1
2889,Thแบฅy mn kรชu khรดng mแปng nรชn mแปi mua ai dรจ hรng vแป mแปng nhฦฐ lรก lรบa :)) mแบทc bra trแบฏng mร thแบฅy hแบฟt แป trong thรฌ  cลฉng chแปu hแบณn,thแบฅy ngฦฐแปi khรดng nรชn mua hรng vแป nhฦฐ mแบทc mร thแบฅy แป thรฌ cลฉng,-1,1
5353,Khรกch dแปฑa vรo kรญch thฦฐแปc size shop ฤฦฐa ra ฤแป chแปn size phรน hแปฃp. CHแบคP NHแบฌN SAI Sแป Tแปช 1-3cm. Nhฦฐng rรต rรng vรกy nhแบญn vแป NHแป HฦN 8CM? Vร shop Khรดng giแบฃi quyแบฟt mร trแบฃ lแปi NGANG NHฦฏ CUA. Cรฒn bแบฃo mรฌnh xem bแบกn bรจ cรณ ai mแบทc ฤฦฐแปฃc khรดng.แปฆa gรฌ vแบญy ?Vแบญy tรดi mua cho ai? Vแบญy shop ฤแป kรญch thฦฐแปc lรm gรฌ vแบญy??,trแบฃ phรน_hแปฃp khรดng_giแบฃi_quyแบฟt khรกch vรo shop ra ฤแป nhฦฐng vแป hฦกn vร shop mร nhฦฐ cรฒn mรฌnh xem cรณ mแบทc ฤฦฐแปฃc khรดng gรฌ vแบญy vแบญy tรดi mua cho vแบญy_shop ฤแป lรm gรฌ vแบญy,-1,1
6122,"Bรนn ghรช, bแป mรกy giแบทt giแบทt xong mแบทt thรฌ rรกch cรกi lแปp lรณt แป trong, khรดng biแบฟt do phแบฃi giแบทt mรกy khรดng, mร nรณ ra nhฦฐ vแบญy.",rรกch khรดng_biแบฟt thรฌ cรกi แป khรดng mร nรณ ra nhฦฐ vแบญy,-1,1
13449,"nแปtt khรดng giแปng mแบซu , shop giao sai mแบซu , nแปt thรฌ bแป cong mแบฅy chแป , khรดng bแบฅm lแป sแบตn , nรชn mรฌk cho shop 1 sao ๐คฆโโ๏ธ๐คฆโโ๏ธ------> chรกn cรกch lรm ฤn cแปงa shop nรy ๐
P/s : hรฌnh แบฃnh mang tรญnh chแบฅt nhแบญn xu",chรกn lรm_ฤn giao_sai khรดng_giแปng shop thรฌ bแป khรดng nรชn cho shop sao cแปงa shop nรy chแบฅt ๐คฆโโ๏ธ ๐,-1,1
15198,"Mรฌnh nhแบญn ฤฦฐแปฃc gแปng kรญnh mแปng, lแปch. Khรดng cแบฏt kรญnh ฤฦฐแปฃc. Liรชn hแป vแปi shop vร shop ฤรฃ chแป cho mรฌnh cรกch sแปญa vรฌ mรฌnh rแบฅt ngแบกi viแปc gแปญi ฤi gแปญi vแป. Tuy nhiรชn, mรฌnh vแบซn ฤรกnh giรก trung thแปฑc. Thay vรฌ ฤแปฃi khรกch hรng phแบฃn รกnh mแปi sแปญa lรm mแบฅt thแปi gian cแปงa hแป thรฌ nรชn kiแปm tra hรng trฦฐแปc khi giao cho khรกch.",mรฌnh ฤฦฐแปฃc khรดng ฤฦฐแปฃc vแปi shop vร shop ฤรฃ chแป cho mรฌnh vรฌ mรฌnh rแบฅt ฤi vแป mรฌnh vแบซn vรฌ khรกch_hรng lรm cแปงa thรฌ nรชn hรng khi giao cho khรกch,-1,1
21411,"Quแบงn nhฦฐ vรฃi vแปฅn cแบฏt ra vแบญy ko giแปng hรฌnh,size thรฌ nhแป,trc giแป mua bao nhiu shop duy chแป shop nรy lร quแบงn xแบฅu kinh hแปn,ฤฦฐแปng cแบฏt thรฌ nham nhแป,ko gแบทp viแปn ,ฤรกy quแบงn ngแบฏn nhฦฐ cho con nรญt mแบทc,xแป vรด thรฌ bแป xoan ฤฦฐแปng quแบงn mua chie phรญ tiแปn mร thรชm bแปฑc,mua bแป khรดng chแบฃ mแบทc ฤc",bแปฑc chแบฃ_mแบทc phรญ_tiแปn khรดng_giแปng_hรฌnh quแบงn nhฦฐ ra vแบญy thรฌ mua shop chแป shop nรy lร quแบงn thรฌ khรดng quแบงn nhฦฐ cho mแบทc thรฌ bแป quแบงn mua mร thรชm mua khรดng ฤฦฐแปฃc,-1,1
24561,"thแปi gian giao hรng lรขu
vรฒng mรu khรดng ฤแบญm
ฤรณng hรng chแบฏc chแบฏn",chแบฏc_chแบฏn giao_hรng_lรขu mรu khรดng ฤรณng hรng,-1,1
24803,"Shop lรm ฤn lแปซa ฤแบฃo, giao thiแบฟu kรญnh, khรกch nhแบฏn tin khรดng thรจm trแบฃ lแปi. Shoppe khรดng vho khรกch kiแปm hรng cรณ quรก thiแปt thรฒi cho khรกch khรดng vแบญy? Mn ko nรชn mua nha, kรญnh mแบฏt khรดng ฤแบนp nhฦฐ hรฌnh ฤรขu.",trแบฃ lรm_ฤn mua_nha lแปซa_ฤแบฃo nhฦฐ_hรฌnh khรดng_ฤแบนp khรดng_thรจm giao_thiแบฟu khรดng_nรชn_mua shop khรกch khรดng khรกch_hรng cรณ quรก cho khรกch khรดng vแบญy ngฦฐแปi khรดng nรชn ฤรขu,-1,1
26994,"Da gรณc bแป rแบกn nhฦฐ hรฌnh. Trong tรบi cรฒn cรณ vแบฟt bแบฉn, lau bแบฑng khฤn ฦฐแปt cลฉng khรดng sแบกch. Cรบc bแป xฦฐแปc nhแบฑng nhแปt nhฦฐ ฤแป cลฉ. Nhรฌn rแบฅt chรกn ฤแปi. Khรดng hiแปu sao cรณ thแป gแปญi cho khรกch ฤแป nhฦฐ vแบญy ฤc.",bแบฉn chรกn nhฦฐ_hรฌnh khรดng_hiแปu bแป cรฒn cรณ cลฉng khรดng bแป nhฦฐ nhรฌn rแบฅt sao cรณ cho khรกch nhฦฐ vแบญy ฤฦฐแปฃc,-1,1
28368,"Quแบงn xรกm bแป แป vรng, vแบฃi cแปฉng. Khรดng biแบฟt nรชn mแบทc hay khรดng",khรดng_biแบฟt quแบงn bแป nรชn mแบทc khรดng,-1,1
32274,รo ngแปฑc thiแบฟt kแบฟ khรดng dรขy khรดng giแปng แบฃnh,khรดng_giแปng_แบฃnh รกo khรดng,-1,1
34296,ฤแบทt mรu bแบกc shop lแบกi giao mรu vรng. Quรก hแบกn trแบฃ hรng hoรn tiแปn rแปi nรชn phแบฃi nhแบญn chแปฉ khรดng thรฌ cลฉng trแบฃ lแบกi. Hic,trแบฃ mรu_bแบกc giao_mรu ฤแบทt shop lแบกi quรก hรng rแปi nรชn chแปฉ khรดng thรฌ cลฉng lแบกi,-1,1
35538,"Shop giao hรng mรฌnh thiแบฟu nรจ 
Thแบญt sแปฑ, mua hรng quแปc tแบฟ luรดn luรดn lo lแบฏng bแป thiแบฟu hรng, tแปฑ dฦฐng vแปฉt tiแปn ฤi mร khรดng nhแบญn ฤฦฐแปฃc gรฌ cแบฃ :)) 
Nรชn mรฌnh khuyรชn chรขn thรnh bแบกn nรo nhแบฏm mแบฏt mua rแปi nghฤฉ mรฌnh khรดng bแป thiแบฟu hรng ฤรขu thรฌ nรชn tรฌm nhแปฏng shop khรดng bแป phแปt thiแบฟu hรng mร mua",bแป_phแปt thiแบฟu_hรng khรดng_nhแบญn_ฤฦฐแปฃc shop giao hรng mรฌnh nรจ mua hรng luรดn_luรดn bแป ฤi mร gรฌ cแบฃ nรชn mรฌnh nรo mua rแปi mรฌnh khรดng bแป ฤรขu thรฌ nรชn shop khรดng mร mua,-1,1
36686,"Broken everything - Packing is so bad bad badly 
Bแป hแบฟt toรn bแป mรก hแปng - nhแบญp vแป khรดng cรi ฤฦฐแปฃc cรกi nรo hแบฟt vรฌ order TQ nรชn quy trรฌnh ฤแปi trแบฃ cลฉng chแบณng chแบฅp nhแบญn - Nรณi chung chรกn !",trแบฃ chรกn chแบณng_chแบฅp_nhแบญn vแป khรดng ฤฦฐแปฃc cรกi nรo vรฌ nรชn cลฉng nรณi_chung,-1,1
37585,Rแบฅt khรดng ฤรกng ฤแปng tiแปn. Khรกch hรng ฤang cแบงn gแบฅp phแบฃi chแบกy qua tแปi nฦกi ฤแป lแบฅy hรng. Trฦฐa ฤiแปn thoแบกi ฤรฃ nรณi rรต chiแปu nay giao muแปn muแปn tรญ ฤฦฐแปฃc khรดng แบก? Khรดng lร khรดng mai giao sแปm? Tแบกi sao khรดng giao chiแปu? Shop lรm ฤn mแบฅt uy tรญn vแบญy sao bรกn ฤฦฐแปฃc?,lรm_ฤn khรดng_ฤรกng khรดng_giao rแบฅt khรกch_hรng ฤแป hรng ฤรฃ nรณi giao ฤฦฐแปฃc khรดng แบก khรดng lร khรดng giao sao shop vแบญy sao bรกn ฤฦฐแปฃc,-1,1
40009,"Hรng lแปi nhฦฐ vแบญy mร giao ฤฦฐแปฃc cลฉng hay, nhแบฏn tin yรชu cแบงu giแบฃi quyแบฟt shop khรดng thรจm trแบฃ lแปi, ฤแปฃi hรng vแป ฤรฃ lรขu, cรฒn gแบทp tรฌnh trแบกng nhฦฐ thแบฟ nรy, mua แป shop rแบฅt nhiแปu ฤฦกn rแปi khรดng ngแป hรดm nay shop giao hรng cho mรฌnh nhฦฐ vแบญy, quรก thแบฅt vแปng, mn ko nรชn mua nhe",lรขu trแบฃ thแบฅt_vแปng khรดng_thรจm khรดng_nรชn_mua hรng nhฦฐ vแบญy mร giao ฤฦฐแปฃc cลฉng shop hรng vแป ฤรฃ cรฒn nhฦฐ thแบฟ nรy mua แป shop rแบฅt rแปi khรดng shop giao hรng cho mรฌnh nhฦฐ vแบญy quรก ngฦฐแปi,-1,1
40559,"Mk ฤแบทt mแบซu 25 ฤรญnh ngแปc, shop lแบกi giao sai mแบซu cho mk, ฤรฃ vแบญy cแบทp tay cแบงm xแบฅu, cรณ vแบฟt xฦฐแปc giแปg dรนng rแปi, sแบฝ khรดng quay lแบกi lแบงn nแปฏa, thแปi gian giao hรng thรฌ lรขu,",lรขu giao_sai quay_lแบกi ฤแบทt shop lแบกi cho ฤรฃ vแบญy cรณ rแปi sแบฝ khรดng nแปฏa giao hรng thรฌ,-1,1
41035,"Khรดng ngแป lร nhแป xรญu tแปi mแปฉc nรy luรดn แบฅy, cแปฉ tฦฐแปng to lแบฏm chแปฉ;(((((",khรดng lร nรy luรดn lแบฏm chแปฉ,-1,1
41291,"Xem nhแปฑa cรณ chรกn khรดng chแปฉ. Cรฒn tรบi cแปt tรณc nแปฏa, chแบฃ thแบฅy chแบฅt lฦฐแปฃng chแป nรo cแบฃ . Cแปฉ nhฦฐ hรng chแปฃ vแบญy",chรกn xem cรณ khรดng chแปฉ cรฒn nแปฏa thแบฅy chแบฅt_lฦฐแปฃng nรo cแบฃ nhฦฐ hรng vแบญy,-1,1
41404,"Lแบงn nรo cลฉng giao sai mแบซu hoแบทc hฦฐ, bแป kแบนp hแบฟt แบก. Khรดng hรi lรฒng thรกi ฤแป lรm ฤn nhฦฐ nรy cแปงa shop. Em mua cแบฃ 3 lแบงn ฤแปu bแป nhฦฐ vแบญy hแบฟt, khรดng sai hรng thรฌ lแบกi gรฃy hoแบทc khรดng ฤรบng mแบซu, rแปi tiแปn cแปงa khรกch nhฦฐ nรo แบก???",gรฃy lรm_ฤn giao_sai khรดng_ฤรบng nรo cลฉng แบก khรดng nhฦฐ nรy cแปงa shop em mua cแบฃ bแป nhฦฐ vแบญy khรดng hรng thรฌ lแบกi rแปi cแปงa khรกch nhฦฐ nรo แบก,-1,1
41557,"Hong sแบฏc nรฉt, mแบทn mร cho lแบฏm. Kแบนp bแป dฦก, mรu sฦกn khรดng ฤแปu, nhรฌn kฤฉ hฦกi buแปn- nhฦฐng kแบนp lรชn ฤแบงu rแปi chiแบฟu chiแบฟu nรชn thแบฅy =))",dฦก mร cho lแบฏm bแป mรu khรดng nhรฌn nhฦฐng lรชn rแปi nรชn thแบฅy,-1,1
41597,Kแบนp bแป trแบงy xฦฐแปc vร cลฉ . Khรดng hรi lรฒng,trแบงy_xฦฐแปc bแป vร khรดng,-1,1
43655,"Pack ฤแบนp, nhฦฐng khi hoรn hรng thรฌ shopee bแบฃo nhแบญn ฤฦฐแปฃc son nแบฏp mรu khรกc thay vรฌ nแบฏp ฤen vร khรดng hoรn lแบกi sแบฃn phแบฉm cho mรฌnh luรดn",nhฦฐng khi hรng thรฌ ฤฦฐแปฃc mรu vรฌ ฤen vร khรดng lแบกi sแบฃn_phแบฉm cho mรฌnh luรดn,-1,1
43867,"Sฤn sale tแปซ hรดm 12 mร nay mแปi nhแบญn ฤฦฐแปฃc. Thแปฉ nhแบฅt vแป chแบฅt son bรดi lรชn qua mแบฅy lแบงn chร nhแบน lร ฤi hแบฟt. Khรดng vฦฐฦกng vแบฅn 1 mรu gรฌ lรชn mรดi cแบฃ. Mร son cลฉng k bรกm mรดi nรชn bรดi lรชn quแบนt mรฃi mแปi ฤแปu, mร ฤแบฟn khi ฤแปu cลฉng hแบฟt son. Thแปฉ 2 lร rรบt vรo rรบt ra vรi ba lแบงn son lem hแบฟt trรชn nแบฏp.",mร ฤฦฐแปฃc vแป chแบฅt lรชn lร ฤi khรดng mรu gรฌ lรชn cแบฃ mร cลฉng khรดng nรชn lรชn mร ฤแบฟn khi cลฉng lร vรo ra,-1,1
43973,Mรฌnh khรดng hรi lรฒng vแป cรกch quแบฃng cรกo vร giao hรng thแปฑc tแบฟ cแปงa shop. Quแบฃng cรกo mua 1 son tแบทng 1 son mร khi vแป lแบกi cรณ 1 son kรจm theo 2 cรกi mแบทt nแบก,mรฌnh khรดng vแป vร giao hรng cแปงa shop mua mร khi vแป lแบกi cรณ cรกi,-1,1
44676,"Quร gรณi cแบฉn thแบญn, ฤฦฐแปฃc tแบทng kแบนp dแป thฦฐฦกng. Mรฌnh mua V30 lแบกi ฤฦฐแปฃc tแบทng 1 cรขy V30 luรดn, ngแป quรก ร, lแบฝ ra nรชn tแบทng mรu khรกc ฤแป khรกch cรฒn trแบฃi nghiแปm chแปฉ. Chแบฅt son mฦฐแปฃt, mแปn nhฦฐng khรดng lรฌ. Chรนi 1 phรกt ra ngay. Mรฌnh quแบนt 3 lแปp mร mรu chแป hฦกi hแปng hแปng kiแปu ฤรกnh son dฦฐแปกng cรณ mรu รญ,  thแบฅt vแปng",cแบฉn_thแบญn dแป_thฦฐฦกng thแบฅt_vแปng gรณi ฤฦฐแปฃc mรฌnh mua vแบญy lแบกi ฤฦฐแปฃc vแบญy luรดn quรก ra nรชn mรu ฤแป khรกch cรฒn chแปฉ chแบฅt nhฦฐng khรดng ra mรฌnh mร mรu chแป cรณ mรu,-1,1
45053,"Shop khรดng uy tรญn, ฤแบทt hรng mรu ฤen mร giao mรu nรขu, shop khรดng ฤรกng tin cแบญy.",ฤแบทt_hรng giao_mรu khรดng_ฤรกng shop khรดng mรu ฤen mร shop,-1,1
45705,"ฤแบทt 2 ฤen 2 nรขu mร lแบกi giao 4 nรขu.Gแปi 2 cuแปc khรดng bแบฏt mรกy, nhแบฏn tin khรดng trแบฃ lแปi. Lแบงn nรy mua cแปฑc kรฌ thแบฅt vแปng vแป shop.",thแบฅt_vแปng khรดng_trแบฃ_lแปi ฤแบทt ฤen mร lแบกi giao khรดng nรy mua vแป shop,-1,1
45760,"Hฦกi nhแป. Khรดng hรi lรฒng lแบฏm. Khuy bแบฅm quรก cแปฉng, khรณ bแบฅm vรo vรฌ sแปฃ rรกch",rรกch hฦกi_nhแป khรดng lแบฏm quรก vรo vรฌ,-1,1
48013,"Hรng giao nhanh, nhฦฐng Shop giao thiแบฟu cho mรฌnh sแบฃn phแบฉm nรy, mรฌnh cรณ thแบฏc mแบฏc mร khรดng phแบฃn hแปi แบก.",giao_thiแบฟu giao_nhanh hรng nhฦฐng shop cho mรฌnh sแบฃn_phแบฉm nรy mรฌnh cรณ mร khรดng แบก,-1,1
49204,"vแบฃi thรด, chแบฅt vแบฃi khรดng co dรฃn, size 45-48kg quรก to so vแปi cรขn nแบทng, mแปi ngฦฐแปi cรขn nhแบฏc trฦฐแปc khi mua",cรขn_nhแบฏc chแบฅt_vแบฃi khรดng khรดng quรก vแปi ngฦฐแปi khi mua,-1,1
49574,ฤแบทt mรu vรng nhฦฐng lแบกi giao mรu hแปng. Sao khรดng kiแปm tra trฦฐแปc khi giao vแบญy shop ฦกi.,giao_mรu ฤแบทt mรu nhฦฐng lแบกi sao khรดng khi giao vแบญy shop,-1,1
50426,Sแบฃn phแบฉm khรดng tฦฐฦกng xแปฉng vแปi giรก tiแปn.,sแบฃn_phแบฉm khรดng vแปi,-1,1
50455,Nรบt chแปt bแป lแปn khรดng gรi ฤฦฐแปฃc,bแป khรดng ฤฦฐแปฃc,-1,1
50823,"Shop nhแบฅn tin khรดng hแปi รขm khi SP bแป lแปi - mแบฏt kรญnh bแป trแบงy, lแปi ...",bแป_lแปi shop khรดng khi sแบฃn_phแบฉm bแป,-1,1
51092,ฤรฃ nhแบญn ฤแป. Mua ฤแป bรชn nรy 3 lแบงn thรฌ ฤฦกn nรo cลฉng thiแบฟu ฤฦกn thiแบฟu vรฒng ฤฦกn nรy lแบกi thiแบฟu set nhแบซn :)) shop thรฌ nฦฐแปc ngoรi phแบฃn hแปi hแป cรฒn chแบฃ thรจm rep. Chแบฃ ฤang bn nhฦฐng lแบงn nรo cลฉng thiแบฟu khรดng nรณi gรฌ ฤc ฤร. Khuyรชn mn ฤแบทt nรชn lแบฅy รญt thรดi nhiแปu hแป toรn lแบฅy thiแบฟu cho bแปฑc cแบฃ mรฌnh.,bแปฑc ฤรฃ mua bรชn nรy thรฌ nรo cลฉng nรy lแบกi shop thรฌ cรฒn nhฦฐng nรo cลฉng khรดng nรณi gรฌ ฤฦฐแปฃc ngฦฐแปi ฤแบทt nรชn thรดi cho cแบฃ mรฌnh,-1,1
51950,"ฦฏu ฤiแปm giao hรng nhanh,ฤรดi trแบฏng cรฒn ฤc nhฦฐng ฤรดi bรดng tai ฤen dรi khรดng giแปng hรฌnh, chแป khuyรชn ฤeo mแปng manh, mแปt bรชn bแป nแปฉt, khรดng hแป dรy dแบทn nhฦฐ hรฌnh shop ฤฤng, mong chแป nhแบฅt ฤรดi ฤแบฅy mร thแบฅt vแปng quรก",nhฦฐ_hรฌnh thแบฅt_vแปng giao_hรng_nhanh khรดng_giแปng_hรฌnh cรฒn ฤฦฐแปฃc nhฦฐng ฤen mแปt bรชn bแป khรดng shop mร quรก,-1,1
52313,Giao thiแบฟu ฤแป vร cรกch shop giแบฃi quyแบฟt lร bแบฏt khรกch kiรชn nhแบซn chแป tแปซ ngรy nรy qua ngรy khรกc vร kh cรณ giแบฃi quyแบฟt. Trong khi dรกn tiแบฟng trung chแป cรณ 4 mรณn hรng tรดi ฤแบทt 5 mรณn hรng. Vแบญy cรณ ฤฦฐแปฃc xem lร cแป tรฌnh ฤแบทt thiแบฟu khรดng.,khรดng_cรณ giao_thiแบฟu vร shop lร khรกch nรy vร khi chแป cรณ hรng tรดi ฤแบทt_hรng vแบญy cรณ ฤฦฐแปฃc xem lร ฤแบทt khรดng,-1,1
53022,"ฤc cรกi vแบฃi ฤแบนp, chแปฏ giแบทt 1 lแบงn ฤรฃ bong thรnh cรกi รกo phรดng bรฌnh thฦฐแปng, ib shop ฤแป xแปญ lรญ shop khรดng trแบฃ lแปi mแบทc dรน ฤรฃ ib rแบฅt nhiแปu lแบงn. Khรดng hรi lรฒng",vแบฃi_ฤแบนp bรฌnh_thฦฐแปng khรดng_trแบฃ_lแปi ฤฦฐแปฃc cรกi ฤรฃ cรกi รกo shop ฤแป shop mแบทc ฤรฃ rแบฅt khรดng,-1,1
53287,"Shop giao hรng ฤแปง, nhฦฐng sแบฃn phแบฉm nรy khรดng thฦกm nhฦฐ quแบฃng cรกo. Giแบทt cho ฤแบฟn vรi viรชn cลฉng khรดng cรณ mรนi gรฌ , nhฦฐ giแบทt vs nฦฐแปc lรฃ vแบญy.",khรดng_cรณ shop giao hรng nhฦฐng sแบฃn_phแบฉm nรy khรดng nhฦฐ cho ฤแบฟn cลฉng gรฌ nhฦฐ vแปi vแบญy,-1,1
53669,mรฌnh mแปi mua shop lแบงn ฤแบงu nhฦฐng khรดng hรi lรฒng lแบฏm. Mua hรng nhiแปu rแปi k nghฤฉ vแปi giรก tiแปn nรy chแบฅt lฦฐแปฃng nhรฌn ban ฤแบงu lแบกi kรฉm thแบฟ. Nhรฌn may lแปch chแป lร k chแบฅp nhแบญn ฤuoc. Minh dแป tรญnh nรชn trแบฃ cแบงn ฤแปi trแบฃ. Thแบฅt vแปng vแป sแบฃn phแบฉm,trแบฃ thแบฅt_vแปng khรดng_chแบฅp_nhแบญn mรฌnh mua shop nhฦฐng khรดng lแบฏm mua hรng rแปi khรดng vแปi nรy chแบฅt_lฦฐแปฃng nhรฌn lแบกi thแบฟ nhรฌn chแป lร nรชn vแป sแบฃn_phแบฉm,-1,1
53938,"chแบฅt liแปu vแบฃi cแปฉng vร thรด mแบทc vรo cแบฃm thแบฅy khรดng thoแบฃi mรกi, ฤฦฐแปng chแป may khรดng แปn ฤแปnh, khรดng giแปng hรฌnh.",khรดng_แปn ฤฦฐแปng_chแป khรดng_giแปng_hรฌnh chแบฅt vร mแบทc vรo thแบฅy khรดng,-1,1
54515,Nรณi khรดng ngoa chแปฉ nhแบญn รกo mร nhรฌn nhฦฐ cรกi rแบป lau. Kiแปu hรng Second hand แบฅy. Mua shop mแบฅy lแบงn mร lแบงn nรy thแบฅy thแบฅt vแปng ghรช gแปm,gแปm thแบฅt_vแปng nรณi khรดng chแปฉ รกo mร nhรฌn nhฦฐ cรกi hรng mua_shop mร nรy thแบฅy,-1,1
54785,Mรฌnh ฤแปi lแบกi mรu ฤฦฐแปฃc khรดng ?,mรฌnh lแบกi mรu ฤฦฐแปฃc khรดng,-1,1
55021,Giao khรกc mรu. Nt khรดng tl. Nแบฟu hแบฟt mรu thรฌ nt ฤแป khรกch hรng ฤแปi mรu.Hay lรด nhฦฐ giao nhแบฑm mรu thรฌ รญt nhแบฅt cแปงng phแบฃi tl tn ฤแป ng ta thรดng cแบฃm chแปฉ. Cho 2 sao vรฌ cรกch phแปฅ vแปฅ khรก tแป.,tแป khรกc_mรu khรดng_trแบฃ_lแปi giao mรu thรฌ ฤแป khรกch_hรng mรu nhฦฐ giao mรu thรฌ ฤแป ngฦฐแปi chแปฉ cho sao vรฌ,-1,1
55137,"Mua 3 loแบกi hรng. Cแปi vแป mแป ra bแป nแปฉt 
Gรณi hรng bแป ฦฐแปt 
Cแปi bแป nแปฉt k say ฤc
Shop cลฉng bรกo mรฌnh hoรn hรng nhฦฐng vรฌ giรก trแป cแปi hฦกn 20k nรชn mรฌnh khรดng hoรn hรng. Phรญ ship thร mua nguyรชn cรกi mแปi. 

Tiแปn รญt khรดng cรณ nghฤฉa lร shop gแปญi hรng nแปฉt vแปก. K ai bแป tiแปn ra mua hรng nแปฉt vแปก",khรดng_cรณ khรดng_nรชn mua hรng vแป ra bแป gรณi hรng bแป bแป khรดng ฤฦฐแปฃc shop cลฉng mรฌnh hรng nhฦฐng vรฌ hฦกn mรฌnh khรดng hรng mua cรกi lร shop hรng_khรดng ra mua hรng,-1,1
55315,"Tuy sale 1,000vnd nhฦฐng thแบญt nแบฟu khรดng sale thรฌ chแบฅt lฦฐแปฃng sแบฃn phแบฉm cลฉng khรดng แปn. Mรนi nhanh hแบฟt, chแบฅt liแปu bรชn trong cรฒn rแปt vแปฅng ra ngoรi. Cรณ thแป sแบฃn phแบฉm khรกc sแบฝ ok hฦกn.",khรดng_แปn nhฦฐng khรดng thรฌ chแบฅt_lฦฐแปฃng sแบฃn_phแบฉm cลฉng chแบฅt bรชn cรฒn ra cรณ sแบฃn_phแบฉm sแบฝ ok hฦกn,-1,1
55760,"รo may bแป lแปi rแบฅt nhiแปuv
Cแปฉ nghฤฉ lร chแป cรณ mแปi nhiรจu chแป thแปซa thรดi mร khรดng nghฤฉ nรณ lแปi nhiแปu chแป quรก luรดn 
รo cam rแบป hฦกn mร cรฒn ฤแบนp vร รญt lแปi hฦกn รกo xanh 
Thแบฅt vแปng quรก",bแป_lแปi chแป_thแปซa thแบฅt_vแปng รกo rแบฅt lร chแป cรณ thรดi mร khรดng nรณ quรก luรดn รกo hฦกn mร_cรฒn vร hฦกn รกo quรก,-1,1
56331,"Thแปฉ nhแบฅt, hรฌnh mรด tแบฃ khรดng giแปng sแบฃn phแบฉm ฤรฃ giao. Rรต rรng chแปn phรขn loแบกi hแปng, mรด tแบฃ nhฦฐ hรฌnh (quแบงn hแปng รกo ฤen) mร giao lแบกi lร quแบงn tรญm รกo hแปng?
Thแปฉ hai, ib hแปi shop ฤแป giแบฃi quyแบฟt mร trแบฃ lแปi lฦฐฦกn lแบนo. Khรดng thiแปn chรญ. 
chฦฐa kแป set รกo xanh quแบงn kaki ฤแป รฝ thรฌ hรng khรดng giแปng lแบฏm, ฤฦฐแปng may แบฉu.",trแบฃ nhฦฐ_hรฌnh ฤฦฐแปng_may khรดng_giแปng sแบฃn_phแบฉm ฤรฃ giao quแบงn_รกo ฤen mร giao lแบกi lร quแบงn_รกo shop ฤแป mร khรดng รกo_quแบงn ฤแป thรฌ hรng lแบฏm,-1,1
57217,"Chแบฅt thun khรดng co giรฃn nhiแปu, nhรฌn trong hรฌnh thรฌ ฤแบนp nhฦฐng แป ngoรi ฤรบng chรกn...",chรกn thรฌ_ฤแบนp chแบฅt khรดng nhรฌn nhฦฐng แป,-1,1
57249,"Mรฌnh mua 2 cรกi รกo nรณi rรต dรng vแปi shop lร xxl nhฦฐng k hiแปu sao giao vแป lแบกi lร size m hฦกn nแปฏa shop cรฒn ฤแปi รกo khรกc khรดng ฤรบng nhฦฐ hรฌnh vแปi lแบกi lรชn ฤฦกn hรng rแบฅt lรขu, cรณ nhแบฏn tin hแปi shop ฤแปi hรng thรฌ k thรจm rep, k bt qua ฤรกnh giรก nรy cรณ rep khรดng :))) cรฒn mรฌnh ฤแปฃi rep cแบฃ ngรy trแปi r mแปi ฤรกnh giรก :)))",rแบฅt_lรขu nhฦฐ_hรฌnh khรดng_ฤรบng khรดng_hiแปu bรฌnh_thฦฐแปng khรดng_thรจm_rep mรฌnh mua cรกi รกo nรณi vแปi shop lร nhฦฐng sao giao vแป lแบกi lร hฦกn nแปฏa shop cรฒn รกo vแปi lแบกi lรชn hรng cรณ shop hรng thรฌ khรดng nรy cรณ khรดng cรฒn mรฌnh cแบฃ,-1,1
57432,"รo mรu khรดng ฤแปu. รo may lแปi tay รกo bรฉ xแป tay vรo ฤรฃ bแป sแป chแป, chแบญt tay mแบทc rแบฅt khรณ chแปu",chแบญt khรณ_chแปu รกo mรu khรดng รกo รกo vรo ฤรฃ bแป chแป mแบทc rแบฅt,-1,1
57463,"Khรดng hรi lรฒng vแปi shop, ฤรฃ nhแบฏn tin ฤแบทt lแบญp thแป ฤen trแบฏng nhฦฐ hรฌnh, nhฦฐng giao ko ฤรบng, quแบงn nhแป ngแบฏn",nhฦฐ_hรฌnh khรดng_ฤรบng khรดng vแปi shop ฤรฃ ฤแบทt ฤen nhฦฐng giao quแบงn,-1,1
58555,"Chแบฅt khรดng tแปt, vแบฃi thun khรดng phแบฃi vแบฃi quแบงn tรขy, nรบt bรณp khรดng vรด. Bแบกn nรo ฤแปnh mua thรฌ suy nghฤฉ kฤฉ nhรฉ",nghฤฉ_kฤฉ khรดng_tแปt khรดng_phแบฃi chแบฅt quแบงn khรดng nรo mua thรฌ nhรฉ,-1,1
58761,"Shop khรดng ฤแป size รกo nhฦฐng cแบฃ 2 bแป ฤแปu cรนng size trong khi mรฌnh ฤแบทt khรกc size , ฤรฃ vแบญy chแบฅt vแบฃi xแบฅu chแป thแปซa nhiแปu",vแบฃi_xแบฅu chแบฅt_vแบฃi chแป_thแปซa khรกc_size shop khรดng ฤแป รกo nhฦฐng cแบฃ khi mรฌnh ฤแบทt ฤรฃ vแบญy chแบฅt,-1,1
58812,"Inbox riรชng cho Shop lแบฅy size 3XL mร vแบซn giao 2XL . Vแบฃi ฤลฉi mแปng bแป lแป quแบงn trong, ck mรฌnh chแบญt vฤng ra. Lรm ฤn chรกn khรดng chแปu ฤฦฐแปฃc !",lแป chรกn chแบญt lรm_ฤn cho shop mร vแบซn giao bแป quแบงn mรฌnh ra khรดng ฤฦฐแปฃc,-1,1
59049,"Mรu k lรชn nhฦฐ mรฌnh nghฤฉ, mรฌnh mua mรu nhuแปm ฤen ฤแป nhuแปm รกo trแบฏng nhฦฐng lแบกi khรดng lรชn mรu nแปi , mรฌnh cรณ mua kรจm bรฌnh giแปฏ mรu nhฦฐng vแบซn khรดng cรณ tรกc dแปฅng. Khรก lร buแปn, mรฌnh nghฤฉ k nรชn mua",khรดng_cรณ khรดng_nรชn_mua mรu khรดng lรชn nhฦฐ mรฌnh mรฌnh mua mรu ฤen ฤแป รกo nhฦฐng lแบกi khรดng lรชn mรu mรฌnh cรณ mua mรu nhฦฐng vแบซn lร mรฌnh,-1,1
59348,"Chแบฅt แปn! Nhฦฐng bแป bแบฉn แป รกo! K biแบฟt shop cรณ kiแปm tra lแบกi sp trc khi giao khรดng! 
Chรกn",bแบฉn chรกn khรดng_biแบฟt chแบฅt nhฦฐng bแป แป รกo_shop cรณ lแบกi sแบฃn_phแบฉm khi giao khรดng,-1,1
59464,"Chแบฅt liแปu ko tแปt, chแบฅt khรดng ฤแบนp bแบฑng bแป lแบงn trฦฐแปc mua, khรดng tฦฐฦกng xแปฉng vแปi giรก tiแปn. Giao hรng nhanh",khรดng_ฤแบนp khรดng_tแปt giao_hรng_nhanh chแบฅt chแบฅt mua khรดng vแปi,-1,1
59612,"Chแบฅt lฦฐแปฃng dแปch vแปฅ cแปงa shop vร shopee vรด cรนng tแปt, xแปฉng ฤรกng 100ฤ, giรก nhฦฐ chแบฅt lฦฐแปฃng รกo cลฉng nhฦฐ vแบญy thรฌ mรฌnh thแบฅy khรดng cรฒn gรฌ ฤแป chรช luรดn. Bแป mรu vรng thรฌ cลฉng tแบกm แปn nhฦฐng 2 bแป cรฒn lแบกi thรฌ vแบฃi thแปฑc sแปฑ mแปng, gแบงn nhฦฐ xuyรชn thแบฅu. Mแปi ngฦฐแปi cรณ thแป lฦฐu รฝ khi chแปn mแบซu ฤแป trรกnh lรm phiแปn shop nha โค",tแบกm_แปn cลฉng_tแบกm chแบฅt_lฦฐแปฃng cแปงa shop vร nhฦฐ chแบฅt_lฦฐแปฃng รกo cลฉng nhฦฐ vแบญy thรฌ mรฌnh thแบฅy khรดng cรฒn gรฌ ฤแป luรดn mรu thรฌ cลฉng nhฦฐng cรฒn lแบกi thรฌ nhฦฐ ngฦฐแปi cรณ_khi ฤแป lรm shop nha,-1,1
60361,"รo vแปซa quแบงn bรฉ vรฃi rแบฅt mแปng vร mแบทc nรณng, giao hรng nhanh trong hai ngรy nhฦฐng ship khรดng giao ฤแบฟn ฤรบng nฦกi hแบนn, lแบงn sau sแบฝ khรดng gแบทp lแบกi shop nแปฏa",mแบทc_nรณng khรดng_giao giao_hรng_nhanh รกo_quแบงn rแบฅt vร nhฦฐng ฤแบฟn sau sแบฝ khรดng lแบกi shop nแปฏa,-1,1
61516,"Bแป mรu trแบฏng mแปng tanh, nhรฌn ฤฦฐแปฃc luรดn mแบทt sau qua mแบทt trฦฐแปc. Bแป mรu xanh ฤฦฐแปฃc cรกi khรดng lแป lแบฏm nhฦฐng mรu bแป xแปn, cแบกp quแบงn quรก chแบญt, ฤฦฐแปฃc gแบงn bรn tay thแบฟ kia chแบฏc cแปก vรฒng eo 42cm mแบทc vแปซa.",lแป chแบญt mแบทc_vแปซa mรu nhรฌn ฤฦฐแปฃc luรดn sau mรu ฤฦฐแปฃc cรกi khรดng lแบฏm nhฦฐng mรu bแป quแบงn quรก ฤฦฐแปฃc thแบฟ,-1,1
61941,"Chแบฅt mแปng, khรดng mแปm mแบกi. K nรชn mua nแบฟu mรบn mua chแบฅt tแปt.",khรดng_nรชn_mua chแบฅt khรดng mua chแบฅt,-1,1
62280,"ฤแบทt 4 quแบงn, 1 quแบงn sai mรu. Mรฌnh ฤแบทt xanh rรชu, mร giao xanh lรก. Xanh nรy khรณ phแปi รกo. Nhแบฏn tin rรต rรng mแปi ฤแบทt hรng. ฤแบทt hรng ฤรฃ giao sai mรu. Nhแบฏn tin bรกo thรฌ 4 ngรy mแปi trแบฃ lแปi rแปi bแบฃo hแบฟt mรu xanh rรชu. Hแบฟt sao lรบc nhแบฏn tin khรกch hรng sao khรดng nรณi, ฤแป biแบฟt ฤแปi mรu khรกc. Bรกn hรng khรดng uy tรญn.",trแบฃ ฤแบทt_hรng giao_sai_mรu ฤแบทt quแบงn quแบงn mรu mรฌnh ฤแบทt mร giao nรy รกo ฤแบทt_hรng ฤรฃ thรฌ rแปi mรu sao khรกch_hรng sao khรดng nรณi ฤแป biแบฟt mรu bรกn hรng khรดng,-1,1
62301,"Mรฌnh ฤแบทt hแปng ruแปc, chแปฅp cแบฃ แบฃnh รกo dรi qua tin nhแบฏn, dแบทn ฤi dแบทn lแบกi rแบฅt nhiแปu lแบงn, xong giao cho mรฌnh hแปng cรกnh sen, nhแบฏn tin cho shop ฤแป xem cรณ phฦฐฦกng รกn khรกc ฤแปi hรng cho mรฌnh khรดng cลฉng ko thรจm rep, chรกn",chรกn khรดng_thรจm_rep mรฌnh ฤแบทt cแบฃ รกo ฤi_lแบกi rแบฅt giao cho mรฌnh cho shop ฤแป xem cรณ hรng cho mรฌnh khรดng cลฉng,-1,1
62844,"Shop ship thiแบฟu kรญnh, gฤng tay vร khแบฉu trang. Phแบฃn hแปi nhฦฐng shop khรดng giแบฃi ฤรกp.",shop vร nhฦฐng shop khรดng,-1,1
63084,"Vแบฃi rแบฅt mแปng, khรดng ฤแปฑng ฤฦฐแปฃc nhiแปu ฤแป nแบทng. Nแบฟu ai muแปn sแปฑ ngay ngแบฏn thรฌ khรดng nรชn mua vรฌ tรบi nรy khรดng cรณ giแบฅy cแปฉng ฤแป chแบฏn 4 cแบกnh vuรดng gรณc ฤรขu!",khรดng_cรณ khรดng_nรชn_mua rแบฅt khรดng ฤฦฐแปฃc thรฌ vรฌ nรy ฤแป ฤรขu,-1,1
63089,Vแบฃi rแบฅt mแปng. Khรดng hแปฃp giรก tiแปn,rแบฅt khรดng,-1,1
63179,"ฤแบทt mua 3 bแป , 2 bแป oke cรฒn bแป thแปฉ 3 thรฌ cรกi รกo nhฦฐ nรy ฤรขy .
Rรกch , dฦก , mรณc meo khรกc gรฌ giแบป lau khรดng . Lรm ฦกn bรกn hรng cรณ tรขm mแปt tรญ nha nแบฟu muแปn lรm ฤn lรขu dรi .",dฦก lรขu rรกch lรm_ฤn ฤแบทt mua ok cรฒn thรฌ cรกi รกo nhฦฐ nรy gรฌ khรดng lรm bรกn hรng cรณ mแปt nha,-1,1
63181,"Mแบฅy ฤรกnh giรก trฦฐแปc แบฃo chแบฏc luรดn ๐ข. Khรดng thฦกm ฤรขu cรกc bรกc แบก, form nรณ khรดng ฤแบนp, vแบฃi cแปฉng. Nรณi chung lร tรดi mua vแป vแปฉt sรณ rแปi.",khรดng_ฤแบนp luรดn khรดng ฤรขu แบก nรณ nรณi_chung lร tรดi mua vแป rแปi ๐ข,-1,1
63522,"Giao ฤรบng mรu ฤรบng mแบซu quแบงn, รกo
Set bแป giao sai mรu, ฤแบทt 1 xanh, 1 vani thรฌ giao 1 nรขu, 1 vani. shop cลฉng khรดng phแบฃn hแปi gรฌ vแปi khรกch
Nแบฟu khรดng phแบฃi vรฌ tin tฦฐแปng shop giao ฤรบng thรฌ ฤรฃ แบฅn hoรn trแบฃ hรng ngay tแปซ lรบc nhแบญn rแปi
Sแบฝ khรดng bao giแป mua cแปงa shop nรy nแปฏa",trแบฃ giao_ฤรบng khรดng_phแบฃi giao_sai_mรu khรดng_bao_giแป mรu quแบงn_รกo ฤแบทt thรฌ giao_shop cลฉng khรดng gรฌ vแปi khรกch vรฌ shop thรฌ ฤรฃ hรng rแปi sแบฝ mua cแปงa shop nรy nแปฏa,-1,1
63610,"Vแบฃi co dรฃn รญt, chแบฅt hฦกi nรณng. Nรณi chung giรก vแบญy thรฌ chแบฅp nhแบญn ฤc
Shop gแปญi sai mรu, mรฌnh nhแบฏn shop ฤแป ฤแปi lแบกi mร mรฃi khรดng ฤแปi. Nhแบฏn tin cลฉng khรดng trแบฃ lแปi :) mua 1 lแบงn rแปi thรดi",sai_mรu gแปญi_sai khรดng_trแบฃ_lแปi chแบฅt nรณi_chung vแบญy thรฌ ฤฦฐแปฃc shop mรฌnh shop ฤแป lแบกi mร khรดng cลฉng mua rแปi thรดi,-1,1
63669,"Sรกng nay vแปซa nhแบญn gรณi hรng, do mรฌnh mua tแบทng nรชn mua cลฉng 8 bแป ฤแป cho bรฉ. Khi nhแบญn hรng mรฌnh cรณ liรชn hแป nhแป shop ฤแปi nhฦฐng shop khรดng hแป thแบฅy shop trแบฃ lแปi dรน ฤรฃ nhแบฏn tin vร cแบฃ ฤiแปn thoแบกi. Thแบญt sแปฑ thแบฅy thแบฅt vแปng.",trแบฃ nรชn_mua nhแบญn_hรng thแบฅt_vแปng gรณi hรng mรฌnh mua cลฉng cho khi mรฌnh cรณ shop nhฦฐng shop khรดng thแบฅy shop ฤรฃ vร cแบฃ thแบฅy,-1,1
63909,Khรดng kiแปm hรng trฦฐแปc khi giao cho khรกch hoแบทc hแบฟt hรng tแปฑ รฝ ฤแปi bแป khรกc k hแปi รฝ kiแบฟn. Mแบฅt thแปi gian ฤแปi trแบฃ.,trแบฃ khรดng hรng khi giao cho khรกch_hรng khรดng,-1,1
64662,"Khรดng hรi lรฒng vรฌ tin tฦฐแปng mua lแบงn 2 tแบกi shop, giao hรng bแป lแปi, nt qua shopee thรฌ lแบกi yc nt qua sฤt, nt sแป ฤt thรฌ shop khรดng cรณ phแบฃn hแปi. Sp khรดng ฤรกng lร bao tiแปn nhฦฐng cรกch phแปฅc vแปฅ kรฉm! Sแบฝ khรดng mua hรng cแปงa shop nแปฏa!",bแป_lแปi khรดng_cรณ khรดng_mua khรดng_ฤรกng khรดng vรฌ mua shop giao hรng thรฌ lแบกi thรฌ shop sแบฃn_phแบฉm lร nhฦฐng sแบฝ hรng cแปงa shop nแปฏa,-1,1
64922,"ฤแบทt shop 36. Giao 35.

Dรน kiแปn nhแบซn gแปญi tin nhแบฏn ฤแปi lแบกi. Mร shop ร ฦกi gแบงn 2 tuแบงn, xong kรชu do shop แป hn. Mรฌnh แป hcm. ฤแปi hรng sแบฝ khรดng cรฒn lแปi. Nรชn bแบกn bรกn lแบกi cho ai ฤรณ rแปi mua ฤรดi mแปi bรชn shop.",ฤแบทt shop giao lแบกi mร shop_shop แป mรฌnh แป hรng sแบฝ khรดng cรฒn nรชn bรกn lแบกi cho ฤรณ rแปi mua bรชn shop,-1,1
64923,"Shop ฤรณng gรณi khรดng cรณ tรขm, khรดng lรณt giแบฅy lรm giรy bแป mรณp vร bแป xฦฐแปc",khรดng_cรณ_tรขm shop ฤรณng_gรณi khรดng lรm bแป vร bแป,-1,1
66186,"Giao hรng thiแบฟu khรดng bรกo lแบกi khรกch hรng 
Sแบฃn phแบฉm tแบกm thรดi",giao_hรng_thiแบฟu khรดng lแบกi khรกch_hรng sแบฃn_phแบฉm thรดi,-1,1
66566,"mรฌnh ฤแบทt 2 ฤฦกn mแปi ฤฦกn 2 sแบฃn phแบฉm
Giao hรng thiแบฟu, liรชn hแป sฤt thuรช bao
Mรฌnh ฤแบทt dรนm bแบกn mรฌnh, giแป thiแบฟu 1 cรกi khรดng biแบฟt ฤn nรณi sao
Tiแปn ฤรฃ thanh toรกn, khรดng lแบฅy lแบกi ฤฦฐแปฃc tiแปn mร cรฒn khรดng nhแบญn ฤแปง hรng",khรดng_biแบฟt khรดng_nhแบญn giao_hรng_thiแบฟu mรฌnh ฤแบทt sแบฃn_phแบฉm mรฌnh ฤแบทt mรฌnh cรกi nรณi sao ฤรฃ khรดng lแบกi ฤฦฐแปฃc mร_cรฒn hรng,-1,1
67196,Giao thiแบฟu hรng nhฦฐng khรดng hoรn tiแปn,giao_thiแบฟu thiแบฟu_hรng hรng nhฦฐng khรดng,-1,1
68444,"Miรชu tแบฃ sแบฃn phแบฉm sai 
Hรng vแป khรดng hแป phรกt sรกng",sแบฃn_phแบฉm hรng vแป khรดng,-1,1
70508,Ghim cรกc ฤoแบกn vฤn bแบฃn ฤรฃ sao chรฉp ฤแป chรบng khรดng hแบฟt hแบกn sau 1 giแป,ฤรฃ sao ฤแป khรดng sau,-1,1
70812,รo ฤแบนp. Tรบi nhแบญn hรng lร mรu hแปng tรญm. Tรดng hแปng lร chแปง yแบฟu. Do da mรฌnh tแปi khรดng hแปฃp. Bแบกn nรo muแปn mua mรฌnh pass lแบกi 35k. Ib zalo 0354330616,รกo_ฤแบนp nhแบญn_hรng lร mรu lร mรฌnh khรดng nรo mua mรฌnh lแบกi khรดng,-1,1
71376,ฤแปng hแป nhแป xinh nhฦฐng phแบงn dรขy chรกn quรก shop ฦกi :( quai nhแป bแป ฤแปฉt sแบตn. Lแปi da khรดng ฤแปu thรฌ cg ksao vรฌ giรก rแบป nhฦฐng ฤแปฉt quai thรฌ buแปn quรก แบก,chรกn giรก_rแบป nhฦฐng phแบงn quรก shop bแป khรดng thรฌ vรฌ nhฦฐng thรฌ quรก แบก,-1,1
72042,"Vแบฃi mแปng, แปng tay ngแบฏn ( rรต lร trรชn แบฃnh shop dรi) 
แบขnh trรชn lร รกo khรกc nhรฉ! 
Khรดng แปงng hแป shop lแบงn thแปฉ hai!",แปงng_hแป vแบฃi_mแปng lร shop lร รกo nhรฉ khรดng shop,-1,1
73317,"ฤแบทt mรu nรขu thรฌ tแปฑ รฝ ฤแปi mรu xanh ฤen, lแบกi cรฒn ฤรณng con dแบฅu ""khรดng tแปฑ รฝ chuyแปn hoรn lแบกi hรng..."" mแบฅt tiแปn mร mua bแปฑc vรo ngฦฐแปi, chรกn chแบฃ buแปn ฤแปi lแบกi, lรm ฤn ko trung thแปฑc",bแปฑc chรกn lรm_ฤn khรดng_trung_thแปฑc ฤแบทt mรu thรฌ mรu ฤen lแบกi cรฒn ฤรณng khรดng lแบกi hรng mร mua vรo ngฦฐแปi lแบกi,-1,1
73412,"รo rแบฅt mแปng, ฤฦฐแปng chแป may quรก sฦก sรi, chแบฅt lฦฐแปฃng khรดng ฤแบฃm bแบฃo...........",ฤฦฐแปng_chแป รกo rแบฅt quรก chแบฅt_lฦฐแปฃng khรดng,-1,1
73441,Shop bรกn hรng k kiแปm hรng. Thiแบฟu hรng mร vแบซn khรดng trแปซ tiแปn. Mua 5 mรณn gแปญi hรng 4 mรณn nhฦฐng lแบกi tรญnh tiแปn 5 mรณn. Thแบฅt vแปng.ฤแปฃi hรng quรก lรขu,quรก_lรขu thแบฅt_vแปng thiแบฟu_hรng shop bรกn hรng khรดng hรng mร vแบซn khรดng mua hรng nhฦฐng lแบกi hรng,-1,1
73760,"Thรกi ฤแป cแปงa shop rแบฅt tแป, tui khรดng buรดn bรกn gรฌ mร shop nรณi cแบกnh tranh cรดng bแบฑng lร nhฦฐ thแบฟ nรo? Dรนng thรกi ฤแป ฤรณ nรณi chuyแปn vแปi khรกch hรng ร? Cรฒn ฤt kรชu mรฌnh sแปญa ฤรกnh giรก nแปฏa, mรฌnh cลฉng ฤแปnh sแปญa nhฦฐng vรo thแบฅy trแบฃ lแปi vแบญy thรฌ mแปi ngฦฐแปi xem xรฉt lแบกi cรณ nรชn mua khรดng nhรฉ! ฤแบทt hรng ฤแบนp rแปi tรฌm ฤแปง lรญ do?",tแป trแบฃ nรชn_mua ฤแบทt_hรng hรng_ฤแบนp cแปงa shop rแบฅt tรดi khรดng bรกn gรฌ mร shop nรณi lร nhฦฐ_thแบฟ_nรo ฤรณ nรณi vแปi khรกch_hรng cรฒn mรฌnh nแปฏa mรฌnh cลฉng nhฦฐng vรo thแบฅy vแบญy thรฌ ngฦฐแปi xem_lแบกi cรณ khรดng nhรฉ rแปi,-1,1
73841,":)) rแบฅt mแปng, nhรฌn xuyรชn thแบฅu luรดn, khรดng dรกm mแบทc ra ngoรi",rแบฅt nhรฌn luรดn khรดng mแบทc ra,-1,1
74586,Giแบทt mแบฅy lแบงn khรดng hแบฟt mแปงn mแปงn vแบฃi. Chแบฅt vแบฃi chรกn quรก ๐,chรกn chแบฅt_vแบฃi khรดng quรก ๐,-1,1
74642,"Size ฤรกnh khรดng chuแบฉn, cao 1m61 nแบทng 53kg ngแปฑc vร mรดng ฤรบng nhฦฐ sแป ฤo trรชn bแบฃng mร lแบฅy size XL rแปng nhฦฐ cรกi vรกy. Quy trรฌnh ฤแปi trแบฃ lแบฑng nhแบฑng, nแบฃn ๐๐ซ๐",trแบฃ khรดng khรดng vร nhฦฐ mร nhฦฐ cรกi ๐ซ ๐,-1,1
74702,Cรณ mแปt ฤแปng hแป candycat C45 dรขy silicon kim dรขy khรดng di chuyแปn ฤฦฐแปฃc,cรณ mแปt khรดng ฤฦฐแปฃc,-1,1
74757,Mua lแบงn thแปฉ 2 mร hฦกi buแปn vรฌ shop giao nhแบงm cho mรฌnh แป xa nรชn khรดng muแปn ฤแปi jskskskjs,mua mร vรฌ shop giao cho mรฌnh แป nรชn khรดng,-1,1
75880,Giao lรขu thรฌ cรณ thแป thรดng cแบฃm nhฦฐng giao thiแบฟu sแบฃn phแบฉm thรฌ khรดng nhรฉ.,giao_lรขu giao_thiแบฟu thรฌ cรณ nhฦฐng sแบฃn_phแบฉm thรฌ khรดng nhรฉ,-1,1
76077,"Giao thiแบฟu hรng, bแบฃo hoรn mร mรฃi khรดng kh thแบฅy hoรn",giao_thiแบฟu khรดng_thแบฅy thiแบฟu_hรng hรng mร khรดng,-1,1
76078,":) Giao thiแบฟu hรng xong rแปi shop hแปi cรณ thแป ฤแปi thรnh voucher khรดng thรฌ mรฌnh cลฉng ฤรnh ฤแปng รฝ, ฤแบฟn lรบc hแปi voucher ฤรขu thรฌ im luรดn.",giao_thiแบฟu thiแบฟu_hรng hรng rแปi shop cรณ khรดng thรฌ mรฌnh cลฉng ฤแบฟn ฤรขu thรฌ luรดn,-1,1
76783,"Chแปฅp hรฌnh mรu 1 kiแปu, giao 1 kiแปu mรu, nhแบฏn shop ฤแปi mรu ฤรฃ bแบฃo mรฌnh chแปu ship nhฦฐng cแป tรญnh khรดng ฤแปi, 1 ngรy ฤฦฐแปฃc 1 2 tin nhแบฏn, phแปฅc vแปฅ kรฉm....",mรu giao mรu shop mรu ฤรฃ mรฌnh nhฦฐng khรดng ฤฦฐแปฃc,-1,1
76812,"Khรดng hรi lรฒng vแปi chแบฅt vแบฃi vร mรu sแบฏc cแปงa balo 
Dรขy ฤeo khรก mแปng",chแบฅt_vแบฃi khรดng vแปi vร mรu cแปงa,-1,1
77175,"Chแบฅt lฦฐแปฃng sแบฃn phแบฉm rแบฅt tแป, rแบฅt lร nhiแปu chแป dฦฐ thแปซa mร khรดng cแบฏt, sแบฃn phแบฉm bแป dฦก nhiแปu chแป, shop bรกn hรng khรดng cรณ tรขm. Gแบกt khรกch hรng nรณi ฤแปi mร day dฦฐa thแปi gian cรณ ฤแปi ฤรขu",dฦก tแป khรดng_cรณ_tรขm chแบฅt_lฦฐแปฃng sแบฃn_phแบฉm rแบฅt rแบฅt lร chแป mร khรดng sแบฃn_phแบฉm bแป shop bรกn hรng khรกch_hรng nรณi mร cรณ ฤรขu,-1,1
77259,"Giao nhแบงm hรng cho khรกch thรกi ฤแป phแปฅc vแปฅ khรดng nhiแปt tรฌnh 
Khรดng cรณ khรดng sao nรชn mรฌnh mแปi ฤรกnh giรก 1 sao :)))))",khรดng_cรณ khรดng_sao giao hรng cho khรกch khรดng nรชn mรฌnh sao,-1,1
78326,Thแปi gian chuแบฉn bแป hรng cแปงa shop rแบฅt lรขu. Giao hรng SAI MแบชU nhฦฐng khรดng hแปi qua รฝ kiแบฟn hay thรดng bรกo cho mรฌnh biแบฟt trฦฐแปc. Cรฒn thแบฟ MแบชU THIแบพU bแบฑng 1 mแบซu mรฌnh ฤรฃ ฤแบทt. Giแป thรnh ra TRรNG MแบชU nhau.,rแบฅt_lรขu giao_hรng_sai bแป hรng cแปงa shop nhฦฐng khรดng cho mรฌnh biแบฟt cรฒn thแบฟ mรฌnh ฤรฃ ฤแบทt ra,-1,1
79320,ฤแบทt hรng sai shop gแปญi sai mรu vรo xem lแบกi ฤรกnh giรก thแบฅy nhiแปu ng cลฉng phแบฃn รกnh vแบญy. Tรบi khรดng ฤแป ฤแปฉng ฤฦฐแปฃc vร hแปi shop bรกo sแบฃn phแบฉm vแบญy. Mร giao hรng lรขu quรก thรดi khรดng ฤแปi trแบฃ dรนng tแบกm vแบญy.,trแบฃ sai_mรu gแปญi_sai ฤแบทt_hรng giao_hรng_lรขu shop vรo xem lแบกi thแบฅy ngฦฐแปi cลฉng vแบญy khรดng ฤแป ฤฦฐแปฃc vร shop sแบฃn_phแบฉm vแบญy_mร quรก thรดi khรดng vแบญy,-1,1
79691,"ฤรณng gรณi hรng vแบซn sฦก sรi quรก, thiแบฟu tรดn trแปng khรกch hรng, tรบi bแป mแบฅt nแบฟp vแปi dรขy ฤeo bแป cong khรดng thแบณng",ฤรณng gรณi hรng vแบซn quรก khรกch_hรng bแป vแปi bแป khรดng,-1,1
81158,Nhแบญn hรng mแปt Em khรดng chแบกy vร mแบทt kรญnh ฤรฃ ra nhฦฐ vแบญy.hฦกi buแปn nhฦฐng khรดng ฤรกng bao nhiรชu nรชn kแป do shop ฤรณng gรณi sแบฃn phแบฉm kรฉm khรดng cรณ giแบฃm giแบญt,khรดng_cรณ nhแบญn_hรng khรดng_ฤรกng sแบฃn_phแบฉm_kรฉm mแปt em khรดng vร ฤรฃ ra nhฦฐ vแบญy nhฦฐng nรชn shop ฤรณng gรณi,-1,1
81329,"ฤแบทt 2 cรกi ฤแป vร ฤen nhฦฐng chแป ship mแปi cรกi ฤแป, nhแบฏn tin hแปi thรฌ lแบกi bแบฃo mรu ฤen hแบฟt hรng nhฦฐng lแบกi khรดng bรกo trฦฐแปc ฤแป biแบฟt huแปท. Tแป๐๐ป๐๐ป",tแป ฤแบทt cรกi vร ฤen nhฦฐng chแป cรกi thรฌ lแบกi mรu ฤen hรng nhฦฐng lแบกi khรดng ฤแป biแบฟt ๐,-1,1
81500,"Quแบงn cลฉng ok, rแปng 1 size
Nhฦฐng shop giao thiแบฟu 1 รกo. Mรฌnh nhแบฏn tin lแปch sแปฑ hแปi vแบฅn ฤแป hoรn tiแปn (vรฌ 25/2 shop mแปi bรกn lแบกi, lรขu quรก) thรฌ shop rep ฤรบng 1 tin :)) Mรฌnh cรฒn thแบฏc mแบฏc, NHแบฎN HแปI SHOP KHรNG SEEN
Lแบงn ฤแบงu tiรชn rate โญ thแบฅp, vรฌ dแปch vแปฅ cskh quรก tแป! Biแบฟt shop, nghe review, nhฦฐng mua 1lแบงn vร bye",lรขu quรก_tแป cลฉng_ok lแปch_sแปฑ giao_thiแบฟu quแบงn nhฦฐng shop รกo mรฌnh vรฌ shop bรกn lแบกi quรก thรฌ shop mรฌnh cรฒn shop khรดng vรฌ biแบฟt shop nhฦฐng mua vร โญ,-1,1
82067,Khรก buแปn . ฤแบทt 2 cรกi ฤแปu khรดng chแบกy giแป . 1 cรกi sai mแบซu sai mรu . Vรฌ giรก rแบป nรชn kแป ฤeo chฦกi thรดi chแปฉ khรดng lรm ฤฦฐแปฃc gรฌ ๐คท๐ปโโ๏ธ,giรก_rแบป sai_mรu ฤแบทt cรกi khรดng cรกi vรฌ nรชn thรดi chแปฉ khรดng lรm ฤฦฐแปฃc gรฌ ๐คท โ๏ธ,-1,1
83783,Giao hรng lรขu. Bแบฃo cรณ lแบฏc tay mร k thแบฅy giao. Dรขy da thรฌ bแป bong trรณc. Dรน biแบฟt lร tiแปn nรo cแปงa ฤแบฅy nhฦฐng cแบฃm thแบฅy khรดng hรi lรฒng.,khรดng_thแบฅy giao_hรng_lรขu cรณ mร giao thรฌ bแป biแบฟt lร nรo cแปงa nhฦฐng thแบฅy khรดng,-1,1
84717,"Quแบงn ฤรนi lแปi,  bแปฅc chแป, sแบฃn phแบฉm nhฦฐ giรก tiแปn, giao hรnh nhanh, ฤรณng gรณi tแปt, khรดng kiแปm tra kแปน hรng khi giao.",quแบงn chแป sแบฃn_phแบฉm nhฦฐ giao ฤรณng_gรณi khรดng hรng khi giao,-1,1
84814,"Khรก ghรฉt nhแปฏng cรกi shop cแปฉ แปซ แปซ rแปi vรขng, rแปi hรng lแบกi nhฦฐ vรy, khรดng lรm ฤc thรฌ dแบนp ฤi, dแบก vแปi vรขng chi nhiแปu lแปi vแบญy.",ghรฉt cรกi shop rแปi rแปi hรng lแบกi nhฦฐ khรดng lรm ฤฦฐแปฃc thรฌ ฤi vแปi vแบญy,-1,1
84974,"Quรก bแปฑc mรฌnh. Mua shopee 4 nฤm lแบงn ฤแบงu gแบทp shop nhฦฐ nรy, lรm ฤn quรก nguyรชn tแบฏc. Mรฌnh ฤแบทt 2 cรกi quแบงn vร 2 cรกi รกo vแป mแบทc bแป trแบญt vร cแบฃm thแบฅy vแบฃi k co giรฃn. Muแปn ฤแปi sang sp khรกc. Mรฌnh chแบฅp nhแบญn trแบฃ tiแปn thรชm.Nhฦฐng shop nhแบฅt quyแบฟt khรดng chแปu. Mแบฅy bแบกn mua hรng cแบฉn thแบญn nhรฉ.",trแบฃ lรm_ฤn cแบฉn_thแบญn bแปฑc_mรฌnh quรก mua_shop nhฦฐ nรy quรก mรฌnh ฤแบทt cรกi quแบงn vร cรกi รกo vแป mแบทc bแป vร thแบฅy khรดng sแบฃn_phแบฉm mรฌnh thรชm nhฦฐng shop khรดng mua hรng nhรฉ,-1,1
86105,Giao cho mรฌnh nhแบงm size . Khรดng hรi lรฒng,nhแบงm_size giao cho mรฌnh khรดng,-1,1
86427,1m70 nแบทng 55kg mแบทc size S vแบซn thแบฅy rแปng vแบญy mร hแปi ฤแบงu shop tฦฐ vแบฅn cho size L vแป mแบทc nhฦฐ oversize lรm mรฌnh phแบฃi tแปn thรชm phรญ ship ฤแปi รกo. Rแปng nhแบฅt lร cรกi tay รกo. Size S mร vแบซn quรก rแปng. Tiแปn nรo thรฌ cแปงa nแบฅy thรดi nรชn cลฉng khรดng dรกm ฤรฒi hแปi gรฌ nhiแปu.,khรดng_mแบทc vแบซn thแบฅy vแบญy mร shop cho vแป mแบทc nhฦฐ lรm mรฌnh thรชm รกo lร cรกi รกo mร vแบซn quรก nรo thรฌ cแปงa thรดi nรชn cลฉng khรดng gรฌ,-1,1
86679,"Chแบฅt รกo nรณng, khรก mแปng.
Mรฌnh ฤแบทt size XL nhฦฐng mแบทc khรดng khรกc gรฌ size M. Cรณ thแป xem แบฃnh แป trรชn. Mรฌnh so รกo cแปงa shop size XL vแปi รกo size L cแปงa mรฌnh.",chแบฅt รกo mรฌnh ฤแบทt nhฦฐng mแบทc khรดng gรฌ cรณ xem แป mรฌnh รกo cแปงa shop vแปi รกo cแปงa mรฌnh,-1,1
86702,Mรu khรดng ฤc nhฦฐ trong hรฌnh mรu nhรฌn cลฉ sao sao รก,khรดng_ฤฦฐแปฃc mรu nhฦฐ mรu nhรฌn sao sao รก,-1,1
86758,Hรng khรกc vแปi hรฌnh vแบฃi mแปng nhฦฐ รกo thun khรดng rแปng nhฦฐ hรฌnh,vแบฃi_mแปng nhฦฐ_hรฌnh hรng vแปi nhฦฐ รกo khรดng,-1,1
86964,"รกo rแบฅt tแปt vร rแบฅt ฤแบนp, nhฦฐng tรดi khรดng hรi lรฒng vแปi thรกi ฤแป cแปงa nhรขn viรชn giao hรng",rแบฅt_ฤแบนp รกo rแบฅt vร nhฦฐng tรดi khรดng vแปi cแปงa giao hรng,-1,1
87236,Khรดng cรณ gรฌ ฤแป ฤรกnh giรก hแบฟt vรฌ shipper ฤแป vรo trong nhร mร cรกi bรชn ngoรi cแปญa cรกi แป trong. Vร kแบฟt quแบฃ lร ฤรฃ mแบฅt hแบฟt ฤแป trong khรดng rรต lร lรm rรกch hay bแป ai lแบฅy,rรกch khรดng_cรณ_gรฌ ฤแป vรฌ ฤแป vรo mร cรกi bรชn cรกi แป vร lร ฤรฃ khรดng lร lรm bแป,-1,1
89697,"Vแบฃi balo khรก thรด, thiแบฟt kแบฟ ฤฦกn giแบฃn, khรดng ฤแปฑng ฤฦฐแปฃc laptop vรฌ khรดng cรณ miแบฟng ฤแปm แป sau.",khรดng_cรณ khรดng ฤฦฐแปฃc vรฌ แป sau,-1,1
89796,Sแบฃn phแบฉm tแบกm hรi lรฒng nhฦฐng cรกch phแปฅc vแปฅ cแปงa shop khรดng ฤc hรi lรฒng cแปng vแปi bรชn giao hรng thiแบฟu trรกch nhiแปm ฤรบng hฦกn lร vรด trรกch nhiแปm. Chฦฐa thแบฅy cรณ cรกi ฤฦกn vแป vแบญn chuyแปn nรo lรm ฤn kiแปu nhฦฐ vแบญy hแบฟt giao hรng chแบญm trแป.,trแป lรm_ฤn khรดng_ฤฦฐแปฃc giao_hรng_chแบญm giao_hรng_thiแบฟu sแบฃn_phแบฉm nhฦฐng cแปงa shop vแปi bรชn hฦกn lร thแบฅy cรณ cรกi nรo nhฦฐ vแบญy,-1,1
91047,Mรu quแบงn nhรฌn khรดng ฤแบญm nhฦฐ kiแปu quแบงn cลฉ รก :(((,mรu quแบงn nhรฌn khรดng nhฦฐ quแบงn รก,-1,1
92292,"thแปฑc sแปฑ khรดng muแปn ฤรกnh giรก 2* cho shop nhฦฐng chแบฅt liแปu รกo thรฌ ko chแบฅp nhแบญn ฤc,chแบฅt liแปu nhฦฐ Nilong nรณng ko mแบทc ฤฦฐแปฃc,nรณng hฦกn รกo ngoรi chแปฃ",khรดng_mแบทc khรดng_chแบฅp_nhแบญn khรดng cho shop nhฦฐng chแบฅt รกo thรฌ ฤฦฐแปฃc chแบฅt nhฦฐ ฤฦฐแปฃc hฦกn รกo,-1,1
93512,Hรฌnh vร thแปฑc tแบฟ quรก thแบฅt vแปng khรดng tฦฐแปng lun. Suy nghฤฉ kฤฉ khi ฤแบทt hรng nha mแปi ngฦฐแปi,nghฤฉ_kฤฉ ฤแบทt_hรng thแบฅt_vแปng vร quรก khรดng luรดn khi nha ngฦฐแปi,-1,1
93683,"Quแบงn lแปi, nhแบฏn tin shop ฤแปng รฝ ฤแปi nhฦฐng lแบกi dรขy dฦฐa kiแปu nhฦฐ khรดng muแปn ฤแปi. Buรดn bรกn ko trung thแปฑc, lรm mแบฅt thแปi gian ngฦฐแปi khรกc. Mแปi ngฦฐแปi nรชn nรฉ shop nรy nhรฉ.",khรดng_trung_thแปฑc quแบงn shop nhฦฐng lแบกi nhฦฐ khรดng bรกn lรm ngฦฐแปi_ngฦฐแปi nรชn shop nรy nhรฉ,-1,1
95372,Chฦฐa hแป nhแบญn ฤฦฐแปฃc hรng. Tiแปn รญt nรชn giao hรng khรดng ฤแบฟn tแบญn tay ngฦฐแปi mua.,ฤฦฐแปฃc hรng nรชn giao hรng_khรดng ฤแบฟn ngฦฐแปi mua,-1,1
95640,"Hรng real nรชn khรดng bรn chแบฅt lฦฐแปฃng
Chแบฅt lฦฐแปฃng phแปฅc vแปฅ tแปt khรดng ib mร call trแปฑc tiแบฟp
Bรชn vแบญn chuyแปn chฦฐa giao ฤรฃ bรกo giao mแบฅt rแบฅt nhiแปu thแปi gian, 17 ngรy mแปi nhแบญn ฤฦฐแปฃc hรng.",hรng nรชn khรดng chแบฅt_lฦฐแปฃng chแบฅt_lฦฐแปฃng khรดng mร bรชn giao ฤรฃ giao rแบฅt ฤฦฐแปฃc hรng,-1,1
95709,"Tฦฐแปng random mรu ai dรจ gแปญi mรฌnh cรกi รกo khรกc hoรn toรn trรชn hรฌnh, ฤแปc bรฌnh luแบญn thรฌ cรณ mแปi mรฌnh xui lร sao. รo xแบฅu xฤฉu luรดn รก mua sale 8k cลฉng khรดng muแปn giแปฏ luรดn mร lฦฐแปi ฤแปi trแบฃ nรชn thรดi. Giแป nghฤฉ lแบกi vแบซn thแบฅy uแปng tiแปn.",trแบฃ mรu mรฌnh cรกi รกo thรฌ cรณ mรฌnh lร sao รกo luรดn รก mua khรดng cลฉng khรดng luรดn mร nรชn thรดi lแบกi vแบซn thแบฅy,-1,1
97387,"Cรกi ฤen rรกch sau ฤรญch, dรขy kรฉo lแปi khรดng kรฉo ฤฦฐแปฃc, vแบฃi bแปฅc chแป sรณp lรm ฤn quรก tแป. Tฦฐแปng hรng ฤแบนp รชm mua thรชm tแบฅt cแบฃ cรกc mรu, giแป thรฌ thay ฤแปi รฝ ฤแปnh khรดng cแบงn gรฉ sรณp, quแบนo sรณp khรกc cรณ uy tรญn ฤแป tin cแบญy hฦกn.",rรกch quรก_tแป lรm_ฤn hรng_ฤแบนp khรดng_kรฉo_ฤฦฐแปฃc cรกi ฤen sau chแป mua thรชm cแบฃ mรu thรฌ khรดng cรณ hฦกn,-1,1
97677,"Chแบฅt liแปu vแบฃi xแบฅu , giแบทt bแป ra mรu ฤen thui.Giแบทt chแปฅc nฦฐแปc vแบซn bแป ra mรu .lฦฐng quแบงn vแปซa nhฦฐng แปng quแบงn bรณ chแบญt mแบทc khรดng thoแบฃi mรกi.Chฦฐa biแบฟt giแบทt khรด cรณ bแป rรบt khรดng nแปฏa",chแบญt vแบฃi_xแบฅu chแบฅt bแป ra mรu ฤen vแบซn bแป ra mรu quแบงn nhฦฐng quแบงn mแบทc khรดng biแบฟt cรณ bแป khรดng nแปฏa,-1,1
98329,"Chuแบฉn bแป vร ship hรng quรก lรขu, nhแบฏn tin khรดng rep, gแปญi hรng thiแบฟu, bแป chแปt chuรดi hoa tai mร gแปญi mแปi chuรดi, khรดng gแปญi chแปt thรฌ dรนng kiแปu gรฌ, quรก chรกn cho shop nรy, lแบงn ฤแบงu cลฉng nhฦฐ lแบงn cuแปi mua cแปงa shop",chรกn quรก_lรขu ship_hรng khรดng_rep bแป vร hรng mร khรดng thรฌ gรฌ quรก cho shop nรy cลฉng nhฦฐ mua cแปงa shop,-1,1
98429,"Trฦฐแปc ฤรฃ ฤแบทt 1 ฤฦกn cแปงa shop thแบฅy ok, nรชn lแบงn nรy ฤแบทt tiแบฟp. Nhฦฐng lแบงn nรy thรฌ quรก thแบฅt vแปng, ฤแบทt 1 mรu lแบกi giao mรu khรกc, lรบc nhแบฏn tin lแบกi cho shop thรฌ lแบกi kรชu mรu kia hแบฟt hรng, hแบฟt hรng thรฌ ฤฤng bรกn lรm gรฌ chแปฉ, hแบฟt cลฉng khรดng bรกo lแบกi cho khรกch. Biแบฟt lร mua ฤฦฐแปฃc giรก sale nhฦฐng thแบฅt vแปng shop quรก.",giao_mรu thแบฅt_vแปng ฤรฃ ฤแบทt cแปงa shop thแบฅy ok nรชn nรy ฤแบทt nhฦฐng nรy thรฌ quรก ฤแบทt mรu lแบกi lแบกi cho shop thรฌ lแบกi mรu hรng_hรng thรฌ bรกn lรm gรฌ chแปฉ cลฉng khรดng lแบกi cho khรกch biแบฟt lร mua ฤฦฐแปฃc nhฦฐng shop quรก,-1,1
99978,8 ngรy trแปi mแปi cรณ hรng mร tแปซ shop ฤแบฟn nhร mรฌnh 4 cรขy sแป.giao hรng sai ฤแบทt 2xl thรฌ cรณ cรกi xl thรฌ mแบทc kiแปu ji .nรณi chung khรดng lรชn mua,giao_hรng_sai cรณ hรng mร shop ฤแบฟn mรฌnh ฤแบทt thรฌ cรณ cรกi thรฌ mแบทc nรณi_chung khรดng lรชn mua,-1,1
99979,"Giao hรng chแบญm phแบฃi chแป 1 tuแบงn mแปi nhแบญn ฤc trong khi แป ngay HN. Sแบฃn phแบฉm khรดng nhฦฐ mong muแปn, cรกc bแบกn mua nhแป kiแปm tra kฤฉ khรดng lแบกi nhฦฐ mรฌnh. Shop bรกo sแปญa vร thanh toรกn chi phรญ sแปญa chแปฏa nhฦฐng k thแบฅy bรกo lแบกi.",khรดng_nhฦฐ khรดng_thแบฅy giao_hรng_chแบญm ฤฦฐแปฃc khi แป sแบฃn_phแบฉm mua khรดng lแบกi nhฦฐ mรฌnh shop vร nhฦฐng lแบกi,-1,1
100868,"Vแบฃi khรดng co giรฃn, dรนng khรดng thแปai mรกi",khรดng khรดng,-1,1
102962,"Nรณi thแบญt vแปi mแปi ng rแบฑng .shop tฦฐ vแบฅn khรดng nhiแปt tรฌnh mรฌnh hแปi cรกi gรฌ cx nhแบฏn tin mแปi tแปซ  vรขg cรณ tแปฉc khรดng chแปฉ + mรฌnh nรณi cho mรฌnh ฤแปi hรng thรฌ kiแปu nhฦฐ khรดng cho ฤแปi ......lรm ฤn nhฦฐ ฤแบงu buแปi ngta รก . Muแปn ฤแปi 2 mรณn thรฌ shop nhแบฏn tin ""khรดng bแบกn "" .....what ,khรดng hiแปu gรฌ lun",tแปฉc lรm_ฤn khรดng_hiแปu khรดng_cho_ฤแปi nรณi vแปi ngฦฐแปi shop khรดng mรฌnh cรกi gรฌ cลฉng cรณ khรดng chแปฉ mรฌnh nรณi cho mรฌnh hรng thรฌ nhฦฐ nhฦฐ รก thรฌ shop khรดng gรฌ luรดn,-1,1
102972,Shop bแป mรน mรu ha gรฌ mร ฤแบทc 1 lแบงn trc 1 cรกi mรu trแบฏng r mร gแปญi mรu ฤen e ฤรฃ khรดng nรณi gรฌ mร lแบงn nรy ฤแบทc lแบกi gแปญi nhแบงm luรดn 2 cรกi ฤen dรน ฤรฃ nhแบฏn tin nรณi trc,shop bแป mรu gรฌ mร cรกi mรu mร mรu ฤen ฤรฃ khรดng nรณi gรฌ mร nรy lแบกi luรดn cรกi ฤen ฤรฃ nรณi,-1,1
105058,"Khรดng coฬ 1 chuฬt naฬo laฬ da thรขฬฃt, mฤฬฃt lฦฐng laฬm khรดng chฤฬc miฬฃn, shop cam kรชฬt kiรชฬu lฦฐฬa khaฬch haฬng nhฦฐ naฬy khรดng ฤฦฐฦกฬฃc, ngฦฐฦกฬi tiรชu duฬng nรชn cรขฬn thรขฬฃn traฬnh caฬ tin nhฦฐฬng giฬ shop noฬi",khรดng tรดi tรดi tรดi khรดng shop tรดi ngฦฐแปi nhฦฐ khรดng ngฦฐแปi nรชn nhฦฐ ngฦฐแปi shop,-1,1
105478,"รo ฤแบนp, chแบฅt liแปu nแป mแบทc mรกt thoแบฃi mรกi. Nhฦฐng chแป cho 2 sao vรฌ nhรขn viรชn tฦฐ vแบฅn k tแปt. Hแปi lแบงn nรo cลฉng kรจm cแบฃ link sแบฃn phแบฉm mร tแบกi sao vรด khรดng nhรฌn mร cแปฉ hแปi sแบฃn phแบงm nรo ? Cแบงn รกo nhanh ฤแป ฤi chฦกi mร cแปฉ hแปi sแบฃn phแบฉm nรo แบก tแบญn 2 lแบงn, ฤแบฟn lรบc phแบฃi hแปi gแบฏt lรชn mแปi rep",รกo_ฤแบนp khรดng_tแปt chแบฅt mแบทc nhฦฐng chแป cho sao vรฌ nรo cลฉng cแบฃ sแบฃn_phแบฉm mร sao khรดng nhรฌn mร sแบฃn nรo รกo ฤแป ฤi mร sแบฃn_phแบฉm nรo แบก ฤแบฟn lรชn,-1,1
105482,Vแบฃi mแปng so vแปi giรก tiแปn giao sai hรng nhฦฐng trแบฃ hรng nhiแปt tรฌnh nhฦฐng mร mรฌnh khรดng trแบฃ,trแบฃ vแบฃi_mแปng giao_sai_hรng vแปi nhฦฐng hรng nhฦฐng mร mรฌnh khรดng,-1,1
106528,"ฤแบทt nรณn trแบฏng, giao ngay nรณn ฤen. Khรดng liรชn hแป hแปi lแบกi รฝ khรกch thแบฟ nรo. Chแบฅt lฦฐแปฃng gia cรดng kรฉm, may cรกi phแบงn vรnh bรชn ngแบฏn bรชn dรi. ฤแปi vรo sแบฝ bแป lแปch qua 1 bรชn vรฌ ko cรขn xแปฉng. ฤรกnh gia 1* cho chแบฅt lฦฐแปฃng & dแปch vแปฅ",ฤแบทt giao ฤen khรดng lแบกi khรกch thแบฟ_nรo chแบฅt_lฦฐแปฃng cรกi phแบงn bรชn bรชn vรo sแบฝ bแป bรชn vรฌ khรดng cho chแบฅt_lฦฐแปฃng,-1,1
106725,Khรดng nhแบญn ฤฦฐแปฃc hรng biแบฟt ฤรกnh giรก sao ฤรขy. Mแบฅy hรดm con แปm khรดng vรo xem ฤฦฐแปฃc thแบฟ lร ฤรฃ hแบฟt thแปi gian khiแบฟu nแบกi. Shipper cแปงa giao hรng tiแบฟt kiแปm trแปm luรดn rแปi. Mแปi ngฦฐแปi rรบt kinh nghiแปm ฤแปซng ฤแป nhฦฐ mรฌnh ah.,khรดng_nhแบญn_ฤฦฐแปฃc hรng biแบฟt sao khรดng vรo xem ฤฦฐแปฃc thแบฟ lร ฤรฃ cแปงa giao hรng luรดn rแปi ngฦฐแปi ฤแป nhฦฐ mรฌnh,-1,1
107244,"Quแบงn ฤแบนp lแบฏm แบก, Mua lแบงn 2 mร thแบฅy shop khรดng nhiแปt tรฌnh trแบฃ lแปi giแบฃi dap giรบp ฤแปก khรกch , shiper chรกn muแปn xแปu",trแบฃ chรกn ฤแบนp_lแบฏm quแบงn_ฤแบนp quแบงn แบก mua mร thแบฅy shop khรดng khรกch,-1,1
107780,Tแบฅt cแบฃ tแป khรดng lรชn mua,tแป cแบฃ khรดng lรชn mua,-1,1
109989,"Sแบฃn phแบฉm ghi lร size XXL cho ngฦฐแปi 78 - 88kg nhฦฐng thแบญt ra size nรy chแป ngฦฐแปi 65 - 70kg mแบทc lร แปn. Sแปz khรดng chuแบฉn, ฤรขy chแป tแบงm size L thรดi.",khรดng_mแบทc sแบฃn_phแบฉm lร cho ngฦฐแปi khรดng nhฦฐng ra nรy chแป ngฦฐแปi lร khรดng chแป thรดi,-1,1
110457,ฤแบทt mรu xanh than giao mรu trแบฏng. Tiแปn trแบฃ rแปi khรดng ฤรฒi nhฦฐng rแบฅt khรดng hรi lรฒng. ฤแบทt cแปก L giao XXL,trแบฃ giao_mรu ฤแบทt mรu rแปi khรดng nhฦฐng rแบฅt khรดng ฤแบทt giao,-1,1
110543,"Khi ฤแบทt hรng hรณa ฤฦกn lร :89 k , nhฦฐng khi nhแบญn lแบกi lรชn 99 k lร sao vแบญy , shop ? Lรm ฤn mแบฅt uy tรญn dรน chแป 10 k ! Tui nhแป ngฦฐแปi lแบฅy hแป khรดng thรฌ khรดng bao giแป nhแบญn ฤรขu nhรฉ !Vแบฃi รกo vแปซa dรy vแปซa cแปฉng! Rแบฅt kรด ฤรกng tiแปn ! ฤแปซng cรณ ai bแป lแปซa nhฦฐ mรฌnh nha !",lรm_ฤn rแบฅt_ฤรกng ฤแบทt_hรng ฤรกng_tiแปn khรดng_bao_giแป khi lร khรดng nhฦฐng khi lแบกi lรชn khรดng lร sao_vแบญy shop chแป khรดng tรดi ngฦฐแปi khรดng thรฌ ฤรขu nhรฉ รกo cรณ bแป nhฦฐ mรฌnh nha,-1,1
110713,"Vแบฃi xแบฅu, thรด, nแปฑc, form quรก nhแป so vแปi XXL, mรu lแปฃ lแปฃ khรดng sแบฏc nรฉt. Nรณi chung ฤรฃ แปงng hแป nhiแปu lแบงn nhฦฐng lแบงn nรy quรก thแบฅt vแปng. Trแบฃ thรฌ phแบฃi tแปฑ ship quรก rแบฏc rแปi.",trแบฃ แปงng_hแป quรก_nhแป rแบฏc_rแปi vแบฃi_xแบฅu thแบฅt_vแปng vแปi mรu khรดng nรณi_chung ฤรฃ nhฦฐng nรy quรก thรฌ quรก,-1,1
111686,"Shop lรm ฤn khรดng uy tรญn. Hแบนn qua tuแบงn ฤแปi hรng cho khรกch rแปi qua tuแบงn sau khรกch hแปi lแบกi thรฌ nรณi shop nghแป tแบฟt rแปi, nรชn cho 1 sao ฤแป shop xem lแบกi lแปi hแปฉa cแปงa mรฌnh nhรฉ.",lรm_ฤn shop khรดng hรng cho khรกch rแปi sau khรกch lแบกi thรฌ nรณi shop rแปi nรชn cho sao ฤแป shop xem_lแบกi cแปงa mรฌnh nhรฉ,-1,1
112266,Sแบฃn phแบฉm kรฉm chแบฅt lฦฐแปฃng nแปi chแป khรดng trรนng ko cรณ chแบทn ฤฦฐแปng may chแป treo thรฌ tรนm lum.,khรดng_cรณ ฤฦฐแปng_may sแบฃn_phแบฉm_kรฉm kรฉm_chแบฅt_lฦฐแปฃng chแบฅt_lฦฐแปฃng chแป khรดng chแป thรฌ,-1,1
114008,"Vแป vแบฅn ฤแป hรng hoรก thรฌ khรก แปn. Nhฦฐng vแบญn chuyแปn thรฌ quรก lรขu. Mรฃi shop khรดng chแปu gแปญi ฤi, mรฌnh ฤรฒi huแปท hรng vรฌ ship quรก lรขu mรฌnh cรณ viแปc phแบฃi ฤi thรฌ im แปm. Mรฃi ฤแบฟn lรบc cแป tรฌnh gแปญi ฤi xong mรฌnh phรn nรn thรฌ mแปi thรจm trแบฃ lแปi. 2* nรy lร vรฌ thรกi ฤแป",trแบฃ khรก_แปn quรก_lรขu vแป hรng thรฌ nhฦฐng thรฌ shop khรดng ฤi mรฌnh hรng vรฌ mรฌnh cรณ ฤi thรฌ ฤแบฟn ฤi mรฌnh thรฌ nรy lร vรฌ,-1,1
115543,"Chแบฅt lฦฐแปฃng sp kรฉm, nhแบญn hรng รกo ฤรฃ sแปn, nhiแปu ฤฦฐแปng may lแปch, cแบฃm thแบฅy khรดng hรi lรฒng",sแปn nhแบญn_hรng ฤฦฐแปng_may chแบฅt_lฦฐแปฃng_sแบฃn_phแบฉm_kรฉm รกo ฤรฃ thแบฅy khรดng,-1,1
115670,"Chแบฅt lฦฐแปฃng cรนi bแบฏp, vแบฃi mแปng nhฦฐng khรดng mรกt",vแบฃi_mแปng chแบฅt_lฦฐแปฃng nhฦฐng khรดng,-1,1
115772,Khรดng mรu trong hรฌnh,khรดng mรu,-1,1
116217,"Com bo 2 chiแบฟc tแบฅt, khรดng nhแบฝ mua tแบฅt mua 1 chiแบฟc,tฦฐแปng 2 ฤรดi, chแบฅt lฦฐแปฃng bรฌnh thฦฐแปng,shop ฤฤng  cรขu view vรฃi chฦฐแปng.",bรฌnh_thฦฐแปng khรดng mua mua chแบฅt_lฦฐแปฃng shop,-1,1
116497,"Shop lรm ฤn ฤแบฟn nแปi mua 1 lแบงn khรดng dรกm mua lแบกi lแบงn 2. ฤแบทt lแบงn ฤแบงu, nghฤฉ lแบกi ฤแปi size huแปท ฤฦกn thรฌ tแปซ chแปi huแปท. Lรm giao 2 lแบงn :))??",lรm_ฤn shop ฤแบฟn mua khรดng mua lแบกi ฤแบทt lแบกi thรฌ lรm giao,-1,1
116507,"Vแบฃi rแบฅt ok, nhฦฐng viแปc ฤแปi ฤแป khรดng hแปi khรกch lร khรดng chแบฅp nhแบญn ฤฦฐแปฃc, ฤแบทt trรกi ฤรo mรu hแปng lแบกi giao รกo tรบi mรu hแปng, nhแบฏn nhฦฐng khรดng thแบฅy shop rep nรชn mรฌnh ฤรnh ฤรกnh giรก 1* 
Thรกi ฤแป phแปฅc vแปฅ vร chแบฅt lฦฐแปฃng lร thแปฉ giแปฏ chรขn khรกch, nhฦฐng vแปi shop mรฌnh sแบฝ khรดng cรณ lแบงn thแปฉ 2 ฤรขu nha.",khรดng_cรณ khรดng_thแบฅy khรดng_chแบฅp_nhแบญn rแบฅt ok nhฦฐng khรดng khรกch lร ฤฦฐแปฃc ฤแบทt mรu lแบกi giao รกo mรu nhฦฐng shop nรชn mรฌnh vร chแบฅt_lฦฐแปฃng lร khรกch nhฦฐng vแปi shop mรฌnh sแบฝ ฤรขu nha,-1,1
117518,"Shop ฦกi, bรชn mรฌnh mแปi nhแบญn ฤฦฐแปฃc quแบงn kiแปm tra thรฌ bแป lแปi nhฦฐ thแบฟ nรy. Shop hแป trแปฃ ฤแปi hรng ฤฦฐแปฃc khรดng แบก?",bแป_lแปi shop bรชn mรฌnh ฤฦฐแปฃc quแบงn thรฌ nhฦฐ thแบฟ nรy shop hรng ฤฦฐแปฃc khรดng แบก,-1,1
119393,Hรng quรก tแป tรณm lแบกi lร khรดng hรi lรฒng,quรก_tแป hรng lแบกi lร khรดng,-1,1
119477,"Mua ฤen lรดng cแปซu giao al59๐คฃ,vแบฃi thรฌ mแปng,may thรฌ lแปi,nhรฃo dรน chฦฐa giแบทt.mua 2 lแบงn lแบงn nรo cลฉng cรณ vแบฅn ฤแป hแบฟt.shop nรณi khรดng hรi lรฒng thรฌ gแปญi lแบกi cho shop nhฦฐng thรดi nhแบญn ฤแป viแบฟt cรกi ฤรกnh giรก แบก,nhรขn viรชn shop tฦฐ vแบฅn giแบฃi quyแบฟt rแบฅt tแปt nรณi rแบฅt hay nhฦฐng hรng thรฌ khรดng แปn tรญ nรo shop nhรฉ ๐ค",gแปญi_lแบกi khรดng_แปn cรณ_vแบฅn_ฤแป mua ฤen giao thรฌ thรฌ mua nรo cลฉng shop nรณi khรดng thรฌ cho shop nhฦฐng thรดi ฤแป cรกi แบก_shop rแบฅt nรณi rแบฅt nhฦฐng hรng thรฌ nรo shop nhรฉ ๐คฃ ๐ค,-1,1
119907,Size XL mร ngแบฏn cลฉn cแปกn. Chแบณng biแบฟt giao nhแบงm size รกo hay khรดng vรฌ khรดng cรณ tem mรกc. Tiแปn nรo cแปงa nแบฅy,khรดng_cรณ nhแบงm_size tiแปn_nรo_cแปงa_nแบฅy mร biแบฟt giao รกo khรดng vรฌ,-1,1
121012,"รo rรกch thรฌ gแปญi cho khรกch lรm gรฌ. Mรฌnh bแบฅm trแบฃ hรng thรฌ shop khรดng xรกc nhแบญn. Nhแบฏn tin khรดng trแบฃ lแปi, khรดng phแบฃn hแปi. 
Shop lรm ฤn tแบฏc trรกch, thiแบฟu trรกch nhiแปm. 
Sแป tiแปn khรดng quรก lแปn nhฦฐng thรกi ฤแป shop khรดng thแป chแบฅp nhแบญn ฤฦฐแปฃc 
Ai cรณ รฝ ฤแปnh mua thรฌ nรชn xem xรฉt. 
Mรฌnh ฤรฃ รฝ kiแบฟn lรชn ฤฦกn vแป quแบฃng cรกo",rรกch lรm_ฤn khรดng_thแป khรดng_trแบฃ_lแปi รกo thรฌ cho khรกch lรm gรฌ mรฌnh hรng thรฌ shop khรดng khรดng shop khรดng quรก nhฦฐng shop ฤฦฐแปฃc cรณ mua thรฌ nรชn xem mรฌnh ฤรฃ lรชn,-1,1
121116,"Mแปi ngฦฐแปi mua hรng thรฌ nhแป lฦฐu รฝ 
Vรฌ mua rแปi khรดng hoรn trแบฃ hรng ฤรขu nhรฉ",trแบฃ ngฦฐแปi mua hรng thรฌ vรฌ mua rแปi khรดng hรng ฤรขu nhรฉ,-1,1
121268,"Shop giao รกo rรกch, nc thรฌ shop khรดng ฤแปng รฝ ฤแปi, quรก chรกn cรกch pv cแปงa shop nรy",rรกch chรกn shop giao รกo thรฌ shop khรดng quรก cแปงa shop nรy,-1,1
121349,"Mรฃ ""mรu ฤen"" hiแปn lรชn รกo mรu ฤen, cรฒn mรฃ ""ฤeN"" hiแปn lรชn รกo mรu be. Mรฌnh ฤแบทt ""ฤeN"" thรฌ shop giao mรu ฤen thแบญt. Tแป! Nแบฟu khรดng cรฒn mแบซu thรฌ bรกo hแบฟt. Mแบญp mแป vแบญy lรm khรกch hรng mua nhแบงm!!!!!",tแป giao_mรu mรu ฤen lรชn รกo mรu ฤen cรฒn ฤen lรชn รกo mรu mรฌnh ฤแบทt ฤen thรฌ shop ฤen khรดng cรฒn thรฌ vแบญy lรm khรกch_hรng mua,-1,1
122091,"Quแบงn chแป khรดng, k ฤรบng vแปi hรฌnh แบฃnh, chแบฅt lฦฐแปฃng tแป vl",tแป khรดng_ฤรบng quแบงn chแป khรดng vแปi chแบฅt_lฦฐแปฃng,-1,1
125841,"Cแบทp cรณ nhiแปu lแปi nhฦฐ lร vรฃi thแปซa, chแป thแปซa, chแป nแปi qua nรชn mแบฅy sแปฑ thแบฉm mแปน, nhiแปu cรกi bแบฅm quรก mร nhแปฏng cรก bแบฅm ฤรณ khรดng cแบงn thiแบฟt, vร mรฌnh cแบฏt chแป thแปซa ฤi thรฌ cรกi cแบทp nรณ sแปฉt chแป ra thรชm nรชn lรm cแบทp bแป lแปi nรชn chฦฐa hรi lรฒng",bแป_lแปi chแป_thแปซa cรณ nhฦฐ lร chแป nรชn cรกi quรก mร ฤรณ khรดng vร mรฌnh ฤi thรฌ cรกi nรณ chแป ra thรชm nรชn lรm_nรชn,-1,1
126667,"Hแปp khรดng cแปฉng cรกp lแบฏm vร bแป trแบงy xฦฐแปc nhแบน,bรณp y hรฌnh mร cรณ mรนi hฦกi hรดi",trแบงy_xฦฐแปc khรดng lแบฏm vร bแป mร cรณ,-1,1
126757,"Sแบฃn phแบฉm xแบฅu gan gรฌ khuyรชn mn khรดng nรชn mua 
Chแบฅt lg quรก kรฉm vch lรขu thรกi ฤแป shipper khรณ chiuh
Kiแปu khรดng muแปn khรกch mua lsau thแป khรณ chแปu tay",lรขu quรก_kรฉm khรณ_chแปu khรดng_nรชn_mua sแบฃn_phแบฉm gรฌ ngฦฐแปi chแบฅt khรดng khรกch mua,-1,1
126765,"Dรขy quรก mแปng, khรดng ฤang tiแปn, khรดng nรชn mua, chฦฐa dรนng ฤรฃ bแบฉn",bแบฉn khรดng_nรชn_mua quรก khรดng ฤรฃ,-1,1
127121,"รo vแบฃi thรฌ ฤแบนp ฤรณ mร cรกi thรกi ฤแป shop thรฌ nhฦฐ l*n. Trรชn note thรฌ ghi cรณ thแบฏc mแบฏc vแป vแบฅn ฤแป size hay vแบฅn ฤแป nรo khรกc thรฌ nhแบฏn cho shop. ฤแบฟn khi nhแบฏn thรฌ nรณi lร shop ฤang off ฤn cฦกm mai nhรขn viรชn sแบฝ nhแบฏn lแบกi. Nguyรชn buแปi sรกng khรดng mแปt ai nhแบฏn, phแบฃi tแปฑ chแปง ฤแปng nhแบฏn lแบกi kแบฟt quแบฃ ฤn nguyรชn cแปฅc bฦก = ))",thรฌ_ฤแบนp รกo ฤรณ mร cรกi shop thรฌ nhฦฐ thรฌ cรณ vแป ฤแป nรo thรฌ cho shop ฤแบฟn khi thรฌ nรณi lร shop sแบฝ lแบกi khรดng mแปt lแบกi,-1,1
127181,"Vแบฃi mแปng. Logo in khรก nhแบกt mรu. Nhฦฐng vแปi giรก ฤรณ thรฌ khรดng trรกch ฤฦฐแปฃc. Hy vแปng shop cรณ thแป bรกn loแบกi vแบฃi khรกc,chat luong ok hon, giรก tiแปn cao hฦกn cลฉng ฤฦฐแปฃc. ฤแป mรฌnh cรณ thแป แปงng hแป lแบงn sau",nhแบกt แปงng_hแป vแบฃi_mแปng cลฉng_ฤฦฐแปฃc mรu nhฦฐng vแปi ฤรณ thรฌ khรดng ฤฦฐแปฃc shop cรณ bรกn ok hฦกn ฤแป mรฌnh cรณ sau,-1,1
128654,"Quแบงn ฤรฃ ngรฃ mรu vรng, vแบฃi thรด, mแปng. Nhแบญn ฤฦฐแปฃc quแบงn mร cแปฉ tฦฐแปng mรฌnh mua hรng sida, hรng cลฉ, hรng bแป. Khรดng dรกm mแบทc cรกi quแบงn nรy ฤi ra ngoรi ฤฦฐแปng. Cรฒn tแป hฦกn cรกi quแบงn mแบทc 3,4 nฤm.",tแป quแบงn ฤรฃ mรu ฤฦฐแปฃc quแบงn mร mรฌnh mua hรng hรng hรng khรดng mแบทc cรกi quแบงn nรy ฤi ra cรฒn hฦกn cรกi quแบงn mแบทc,-1,1
130447,Khรดng hแป nhแบญn ฤc sแบฃn phแบฉm,khรดng ฤฦฐแปฃc sแบฃn_phแบฉm,-1,1
131004,"รo may bแป lแปi nhiแปu chแป khรดng may ,chแป may khรดng kฤฉ   vร 1 cรกnh tay รกo khรดng ฤรญnh cรบc",bแป_lแปi khรดng_kฤฉ รกo khรดng chแป vร รกo khรดng,-1,1
132706,"รo khรดng to nhฦฐ hรฌnh, bแบกn mรฌnh cรณ 70kg mร mแบทc 5XL vแบซn k khรกc รกo รดm lร mแบฅy.",nhฦฐ_hรฌnh รกo khรดng mรฌnh cรณ khรดng mร mแบทc vแบซn khรดng รกo lร,-1,1
133396,Con cรฒ be bรฉ nรณ ฤแบญu cรnh tre ฤi khรดng hแปi mแบน biแบฟt ฤi ฤฦฐแปng nรo oke.,nรณ ฤi khรดng biแบฟt ฤi nรo ok,-1,1
134028,"Chแบฅt liแปu vแบฃi khรดng nhฤn, khoรก kรฉo mฦฐแปฃt mร, khoรก gรi bแป bแป mร vแบซn giao, cแป tรฌnh bรกn sแบฃn phแบฉm lแปi rรฒi kiu khรกch khแบฏc phแปฅc, khรกch y/c ฤแปi hรng lรฝ do ship trรชn shopee rแบป gรi khรกch mua thรชm rรฒi tแบทng voucher, hแปฉa hoรn 70k nhฦฐng hoรn 50k card ฤt cรฒn 20k tแบทng voucher mua thรชm sp. Lรm ฤn mau bแบกi. Vรฃi lol",lรm_ฤn sแบฃn_phแบฉm_lแปi chแบฅt khรดng mร bแป mร vแบซn giao bรกn khรกch khรกch_hรng khรกch mua thรชm khรดng nhฦฐng khรดng cรฒn khรดng mua thรชm sแบฃn_phแบฉm,-1,1
135050,"Nhแบญn hรng: ship quรก cรนi, khรดng xem rรต ฤแปa chแป, chแบกy lรฒng vรฒng, thรกi ฤแป.
Cแบฃm quan: quแบงn kiแปu ฤแบนp, vแบฃi ok
Tin tฦฐแปng shop, nรชn cแบฏt tem, rแบกch nรบt.
Mแบทc trแบฃi nghiแปm: khรก tแป, แปng to แปng nhแป, mแบทc vรo thแบฅy phแบงn nรบt vร dรขy kรฉo quแบงn bแป lแปch sang bรชn trรกi, ฤi lแบกi rแบฅt vฦฐแปng vรญu, trรดng rแบฅt dแป vร lแบก.
Mแบฅt tiแปn ngu",tแป nhแบญn_hรng quรก khรดng xem chแป quแบงn ok shop nรชn mแบทc mแบทc vรo thแบฅy phแบงn vร quแบงn bแป bรชn ฤi_lแบกi rแบฅt rแบฅt vร,-1,1
135958,"Sแบฃn phแบฉm khรดng chแบฅt lฦฐแปฃng, chแป may แบฉu, nhiแปu chแป thแปซa ฤฦฐแปng may khรดng chแบฏc chแบฏn!!!!! 
Mแปi ngฦฐแปi ฤแปซng nรชn ham rแบป mร mua แบก.",chแป_thแปซa ฤฦฐแปng_may khรดng_chแบฏc_chแบฏn sแบฃn_phแบฉm khรดng chแบฅt_lฦฐแปฃng chแป ngฦฐแปi nรชn mร mua แบก,-1,1
136132,"Chแบฅt vแบฃi cแปฉng khรดng mรกt nhฦฐ cแปงa shop khรกc , mรฌnh cao 167 nแบทng 58 mแบทc cแปก L hฦกi chแบญt. Tรบm lแบกi lแปก mua dรนng tแบกm khรดng cรณ lแบงn sau",chแบญt khรดng_cรณ chแบฅt_vแบฃi khรดng nhฦฐ cแปงa shop mรฌnh mแบทc lแบกi mua sau,-1,1
137603,รกo tแบกm แปn vแบฃi hฦกi mแปng ฤแบทt size hฦกi to yรชu cแบงu ฤแปi size vร ra tแปi shop ฤแป ฤแปi nt cho shop k tl vร cรณ tl 1 2 cรขu rแบฅt lรขu khรดng nhiแปt tรฌnh,tแบกm_แปn rแบฅt_lรขu hฦกi_mแปng khรดng_trแบฃ_lแปi รกo ฤแบทt vร ra shop ฤแป cho shop vร cรณ khรดng,-1,1
138454,"Sแบฃn phแบฉm tแบกm แปn, nhรขn viรชn tฦฐ vแบฅn nhiแปt tรฌnh, nhฦฐng giao hรng thรฌ nhรขn viรชn giao hรng khรดng giao tแบญn nฦกi, khรกch hรng ฤi lแบฅy thรฌ chuyแปn xuyรชn 3 kho nhแบญn lรm khรกch hรng mแบฅt cรดng ฤi lแบฅy, nรณi chung mรฌnh khรดng hรi lรฒng vแป giao hรng !",tแบกm_แปn khรดng_giao sแบฃn_phแบฉm nhฦฐng giao hรng thรฌ giao hรng khรกch_hรng ฤi thรฌ lรm khรกch_hรng ฤi nรณi_chung mรฌnh khรดng vแป giao hรng,-1,1
138947,"Khรดng muแปn ฤรกnh giรก vรฌ nรณ quรก tแป, te tua, nhฦฐng Shop cแปฉ nhแบฏn tin kรชu ฤรกnh 5 sao. Vแบญy thรฌ tรดi ฤรกnh giรก 1 sao. Nhรฌn hรฌnh tแปฑ hiแปu vแบญy.",quรก_tแป khรดng vรฌ nรณ nhฦฐng shop sao vแบญy thรฌ tรดi sao nhรฌn vแบญy,-1,1
140269,Hรng ngแบฏn. Vแบญn chuyแปn lรขu. Nรณi chung khรดng hรi lรฒng chรบt nรo luรดn. Chแบฅt lฦฐแปฃng bรฌnh thฦฐแปng. ฤฦฐแปng may ko ฤแบนp. Chรกn,lรขu chรกn khรดng_ฤแบนp ฤฦฐแปng_may bรฌnh_thฦฐแปng hรng nรณi_chung khรดng nรo luรดn chแบฅt_lฦฐแปฃng,-1,1
140275,"ฤแปซng tin vรo hรฌnh แบฃnh, chรกn lแบฏm, nhรฌn hรฌnh tฦฐแปng sแบฝ dรi ฤแบฟn ฤแบงu gแปi ฦฐ? KHรNG ฤรU, ngแบฏn vรฃi, thแบญt sแปฑ rแบฅt chรกn",chรกn vรo lแบฏm nhรฌn sแบฝ ฤแบฟn khรดng_ฤรขu rแบฅt,-1,1
140446,"Mรฌnh ฤรฃ ฤแบทt mua 6 ฤรดi tแบฅt nam vรo ฤแปฃt sale 4/4 vรฌ tin tฦฐแปng chแบฅt lฦฐแปฃng cแปงa On Off nhฦฐng shop chแป giao 4 ฤรดi kรจm 2 cรกi khแบฉu trang vร khรดng 1 lแปi giแบฃi thรญch, nhฦฐ thแบฟ rแบฅt mแบฅt uy tรญn",mรฌnh ฤรฃ ฤแบทt mua vรo vรฌ chแบฅt_lฦฐแปฃng cแปงa nhฦฐng shop chแป giao cรกi vร khรดng nhฦฐ_thแบฟ rแบฅt,-1,1
141339,"ฤแบทt grab giao nhanh nhฦฐng nhรขn viรชn khรดng chรบ รฝ. mรฃi ฤแบฟn khi mรฌnh hแปi thรฌ mแปi ฤรณng gรณi. chแบฅt lฦฐแปฃng รกo trung bรฌnh, vแบฃi bรณng bรณng. ฤรณng gรณi ok. 
Feedback thรชm: Shop trแบฃ lแปi ฤรกnh giรก lร ฤรฃ inbox ฤแป giแบฃi quyแบฟt vแบฅn ฤแป nhฦฐng mรฌnh ฤรฃ check vร khรดng thแบฅy mแปt tin nhแบฏn nรo. Mong shop khรดng lรm thรฌ ฤแปซng nรณi nh",trแบฃ khรดng_thแบฅy giao_nhanh ฤแบทt nhฦฐng khรดng ฤแบฟn khi mรฌnh thรฌ ฤรณng_gรณi chแบฅt_lฦฐแปฃng รกo ฤรณng_gรณi ok thรชm shop lร ฤรฃ ฤแป nhฦฐng mรฌnh ฤรฃ vร mแปt nรo shop khรดng lรm thรฌ nรณi,-1,1
141871,"ฤฦฐแปng may k chแบฏc chแบฏn, sแบฃn phแบฉm bแป rรกch , thแปi gian giao hรng nhanh, tรดi khรดng hรi lรฒng vแป sแบฃn phแบฉm nรy",rรกch ฤฦฐแปng_may khรดng_chแบฏc_chแบฏn giao_hรng_nhanh sแบฃn_phแบฉm bแป tรดi khรดng vแป sแบฃn_phแบฉm nรy,-1,1
142725,"ฤแบทt 5 รกo thรฌ shop gแปญi 4 cรกi , bรกo thiแบฟu hรng thรฌ nv shop bแบฃo ฤรฃ gแปญi tiแปn trong bแปc giแบฅy bแป trong รกo , nhฦฐng khรดng hแป nhแบฏn cho khรกch biแบฟt , tฦฐแปng lร rรกc gom vแปฉt ฤแปt , thแบฟ lร mแบฅt oan tiแปn !!",rรกc thiแบฟu_hรng ฤแบทt รกo thรฌ shop cรกi thรฌ shop ฤรฃ รกo nhฦฐng khรดng cho khรกch biแบฟt lร thแบฟ lร,-1,1
143623,"Sแบฃn phแบฉm kรฉm chแบฅt lฦฐแปฃng, mแบทt dรขy lแปi mรณc ngแบฏn tuแปt luแปt khรดng khรณa ฤฦฐแปฃc, shop khรดng kiแปm tra hรng ฤรฃ giao khรกch,  khรกch ฤรnh phแบฃi xรi dรขy nรy vแปi mแบทt dรขy cลฉ khรกc. Dรน cho ฤรณng hแปp ok mร hรng xรi khรดng ฤฦฐแปฃc cลฉng nhฦฐ khรดng.",khรดng_ฤฦฐแปฃc sแบฃn_phแบฉm_kรฉm kรฉm_chแบฅt_lฦฐแปฃng chแบฅt_lฦฐแปฃng shop khรดng hรng ฤรฃ giao khรกch khรกch nรy vแปi cho ฤรณng ok mร hรng cลฉng nhฦฐ khรดng,-1,1
144391,"size รกo khรดng chuแบฉn, mรฌnh phแบฃi ฤแปi size, quรก trรฌnh ฤแปi hรng nhiรชu khรช, gแบงn nแปญa thรกng mแปi ฤแปi ฤc.
Sp ฤแปi thรฌ bแป chuแปt cแบฏn lแปงng lแป, cแป รกo bแป tฦฐa, gแบฅu tay รกo mรu khรกc vแปi mรu body (chแปฅp แบฃnh thรฌ cลฉng khรณ thแบฅy). Nรณi chung lร thแบฅt vแปng.",thแบฅt_vแปng รกo khรดng mรฌnh quรก hรng ฤฦฐแปฃc sแบฃn_phแบฉm thรฌ bแป รกo bแป รกo mรu vแปi mรu thรฌ cลฉng thแบฅy nรณi_chung lร,-1,1
145553,"Vรญ khรดng phแบฃi da bรฒ nhฦฐ shop quแบฃng cรกo, ฤรขy chแป lร giแบฃ da thรดi, mแบทc dรน giรก tiแปn khรดng cao nhฦฐng shop lรm ฤn khรดng chuแบฉn",lรm_ฤn khรดng_phแบฃi nhฦฐ shop chแป lร thรดi mแบทc khรดng nhฦฐng shop khรดng,-1,1
146332,Lแปซa ฤแบฃo .Hรng giao thiแบฟu. Gแปi sแป ฤiแปn thoแบกi ghi trรชn giแบฅy trong gรณi hรng thรฌ nhแบงm sแป. Liรชn lแบกc 4 ngรy ฤรนn ฤแบฉy khรดng bรน tiแปn cho khรกch,lแปซa_ฤแบฃo giao_thiแบฟu hรng gรณi hรng thรฌ khรดng cho khรกch,-1,1
147252,"Khรดng resize ฤc, k cรณ bแบฃng size. Nhฦฐng giรก rแบป nรชn mรฌnh ฤแป trang trรญ chแปฉ k ฤeo ฤc.",giรก_rแบป khรดng_cรณ khรดng_ฤeo khรดng_ฤฦฐแปฃc nhฦฐng nรชn mรฌnh ฤแป chแปฉ ฤฦฐแปฃc,-1,1
147527,Vรญ bแป mรนi tanh lแบฏm :(( ngแปญi vรด ngฤn ฤแปฑng lร thแบฅy mร khรดng tรi nรo lรm hแบฟt mรนi ฤฦฐแปฃc,bแป lแบฏm lร thแบฅy mร khรดng nรo lรm ฤฦฐแปฃc,-1,1
147738,"Chแป cรณ 2 ngฤn, khรดng bแป vแปซa giแบฅy CMND",chแป cรณ khรดng,-1,1
147849,"Tแบฅt mแปi xรi cรณ 1 bแปฏa ฤรฃ ฤแป lรดng, cรฒn gแปก ra ฤฦฐแปฃc miแบฟng lรดng bแป ฤแป thรฌ khรดng phรน hแปฃp vแปi giรก tiแปn 19k/1 ฤรดi. Rแบฅt rแบฅt khรดng hแปฃp lรญ.
Thร rแบฑng bรกn hฦกi ฤแบฏt chรบt nhฦฐng chแบฅt lฦฐแปฃng xแปn thรฌ cรฒn tแบกm แปn, shopee mall bรกn hรng chรกn quรก.",chรกn tแบกm_แปn ฤแป_lรดng khรดng_phรน_hแปฃp cรณ ฤรฃ cรฒn ra ฤฦฐแปฃc bแป thรฌ vแปi khรดng rแบฅt rแบฅt khรดng bรกn nhฦฐng chแบฅt_lฦฐแปฃng thรฌ cรฒn bรกn hรng quรก,-1,1
149430,"shop khรดng chแปu nhแบญn vรญ bแป lแปi dรน rรต rรng vรญ trแบงy xฦฐแปc nhiแปu, bแบฃo ฤรฃ kiแปm tra trฦฐแปc khi gแปญi nhฦฐng cuแปi cรนng vแบซn bแป lแปi, vแบญy thรฌ ฤแปi trแบฃ ฤแป lรm gรฌ? cรณ gรฌ ฤแป ฤแบฃm bแบฃo vรญ mแปi sแบฝ khรกc vรญ ban ฤแบงu
khรดng chแปu nhแบญn vรญ bแป lแปi nghฤฉa lร cรณ รฝ khรดng muแปn ฤแปi trแบฃ rแปi, ฤแปซng cรณ chฦกi chแปฏ, giแบฃ ngรขy giแบฃ ngรด khรดng hiแปu",trแบฃ bแป_lแปi trแบงy_xฦฐแปc khรดng_hiแปu shop khรดng ฤรฃ khi nhฦฐng vแบซn vแบญy thรฌ ฤแป lรm_gรฌ cรณ gรฌ ฤแป sแบฝ khรดng lร cรณ khรดng rแปi cรณ,-1,1
150916,"Tแบฅt quรก mแปng luรดn ฤรณ trแปi ฦกi, lรบc nhแบญn hรng tแปi giแป mรฌnh vแบซn chฦฐa ฤi luรดn, khรดng muแปn ฤi แบฅy",trแปi_ฦกi nhแบญn_hรng quรก luรดn ฤรณ mรฌnh vแบซn ฤi luรดn khรดng ฤi,-1,1
151185,Cรกi รกo nรณ nhแป ฤแบฟn mแปฉc khรดng chแปu ฤฦฐแปฃc รฝ. Mแบน mรฌnh 63kg 1m65 mร mแบทt khรดng vแปซa. Con em gรกi mรฌnh 40kg mแบทc thรฌ vแปซa. Vแปi cแบฃ nรณ nhฤn lแบฏm. Hรng khรดng giแปng mแบซu.,khรดng_vแปซa khรดng_mแบทc khรดng_giแปng cรกi รกo nรณ ฤแบฟn khรดng ฤฦฐแปฃc mรฌnh khรดng mร em mรฌnh thรฌ vแปi cแบฃ nรณ lแบฏm hรng,-1,1
151538,"Lรm ฤn lแปซa gแบกt cรฒn ฤแป lแปi cho khรกch 
215 khรดng khรก ฤฦฐแปฃc ฤรขu",lรm_ฤn lแปซa_gแบกt cรฒn cho khรกch khรดng ฤฦฐแปฃc ฤรขu,-1,1
151541,"Khuyรชn anh em ฤแปซng mua รกo nรy. รo may rแบฅt xแบฅu khรดng cao cแบฅp nhฦฐ mแปi ngฦฐแปi nghฤฉ ฤรขu. 
Chแบณng khรกch gรฌ 1 cรกi รกo chแปฃ ฤรขu mua phรญ tiแปn. Khuyรชn anh em ฤแปซng nรชn mua sแบฃn phแบฉm nhฦฐ vแบญy แบก. ฤแบฟn khi ฤรฒi tiแปn thรฌ thรดi rแปi khรดng ฤฦฐแปฃc trแบฃ lแบกi ฤรขu แบก :v",trแบฃ nรชn_mua ฤแปซng_mua phรญ_tiแปn khรดng_ฤฦฐแปฃc anh_em รกo nรy รกo rแบฅt khรดng nhฦฐ ngฦฐแปi ฤรขu khรกch gรฌ cรกi รกo ฤรขu mua anh_em sแบฃn_phแบฉm nhฦฐ_vแบญy แบก ฤแบฟn khi thรฌ thรดi rแปi lแบกi ฤรขu แบก vแบญy,-1,1
151950,Shop giao รกo khรดng ฤรบng mแบซu mร khรดng nghe nhแบฏn tin nรณi mรฌnh hay trฦฐแปc gรฌ hแบฟt. From รกo L nhฦฐng mร khรก nhแป so vแปi cรกc loแบกi รกo thun khรกc,khรดng_ฤรบng shop giao รกo mร khรดng nรณi mรฌnh gรฌ รกo nhฦฐng mร vแปi รกo,-1,1
152306,รo quรก bรฉ . Thฦฐแปng thฦฐแปng mรฌnh mแบทc Size Xxl lร vแปซa nhฦฐng รกo shop thรฌ quรก chแบญt.Cแป thรฌ chแบญt.Thรnh ra mua cรกi รกo vแป vแปฉt khรดng,chแบญt รกo quรก mรฌnh mแบทc lร nhฦฐng รกo_shop thรฌ quรก thรฌ_ra mua cรกi รกo vแป khรดng,-1,1
152830,"รo vแบฃi quรก nhiแปu nilon,  nรณng,  sแปฃi thฦฐa khรดng bแปn.  May rรบm chแป.  Kรญch cแปก quรก bรฉ vร ngแบฏn so vแปi size XXL",รกo quรก khรดng chแป quรก vร vแปi,-1,1
152929,รo nhฤn thแบฟ mร bแบฃo khรดng nhฤn ๐,รกo thแบฟ mร khรดng ๐,-1,1
153274,Biแบฟt lร mua flash sale nhฦฐng shop bแป cรกi quแบงn vรด cรกi bแปch ฤแปฑng khแบฉu trang quรก ฤรกng thแปฑc sแปฑ. Mแบทt sau lแป hแบฟt cรกi quแบงn ra luรดn รก. Flash sale thรฌ ngฦฐแปi ta cลฉng canh sale ฤแป mua chแปฉ cรณ phแบฃi cho khรดng ฤรขu trแปi.,lแป biแบฟt lร mua nhฦฐng shop cรกi quแบงn cรกi quรก sau cรกi quแบงn ra luรดn รก thรฌ ngฦฐแปi cลฉng ฤแป mua chแปฉ cรณ cho khรดng ฤรขu,-1,1
153440,"Sแบฃn phแบฉm lรm cแบฉu thแบฃ, keo khรดng dรญnh แป ฤรกy vรญ
Chแบฅt lฦฐแปฃng ko xแปฉng vแปi giรก tiแปn chรบt nรo
Sแบฝ khรดng baoh mua hรng แป ฤรขy nแปฏa",khรดng_mua khรดng_xแปฉng sแบฃn_phแบฉm lรm khรดng แป chแบฅt_lฦฐแปฃng vแปi nรo sแบฝ hรng แป nแปฏa,-1,1
154253,Giแปng hรฌnh nhฦฐng khรดng chแบฅt lฦฐแปฃng bแบฑng sแบฃn phแบฉm mua แป shop khรกc,giแปng_hรฌnh nhฦฐng khรดng chแบฅt_lฦฐแปฃng sแบฃn_phแบฉm mua แป shop,-1,1
155643,"Hรng hแบฟt khรดng bรกo tแปฑ ฤแปi mรu.
Hรng khรดng giแปng nhฦฐ mรด tแบฃ.
Vแป thรฌ giao thiแบฟu 2 ฤรดi. Bรณ tay.
Trรกnh xa.",giao_thiแบฟu khรดng_giแปng hรng khรดng mรu hรng nhฦฐ thรฌ,-1,1
157751,รo may khรดng ฤแปu. Chรกn,chรกn รกo khรดng,-1,1
158058,ฤแบทt รกo cรณ cแป mร shop gแปญi รกo khรดng cแป,ฤแบทt รกo cรณ mร shop รกo khรดng,-1,1
158168,"Vแบฃi aฬo mรชฬm min, rรขฬt nhแบน nhฦฐng giao haฬng khรดng kiรชฬm tra kiฬ ฤรชฬ lรดฬi nhฦฐ thรชฬ naฬy",tรดi nhฦฐng giao ngฦฐแปi khรดng nhฦฐ,-1,1
158334,Hรng thiแบฟu khรดng bรกo 1 sao,hรng khรดng sao,-1,1
158994,Trแบฃ lแปi khรกch khรดng thรขn thiแปn :))),trแบฃ thรขn_thiแปn khรกch khรดng,-1,1
160887,"รo rแบฅt ฤแบนp, tuy nhiรชn khรขu cbi hรng bแป lรm sao ฤรณ, ฤแบทt rรชu size L lแบกi giao rรชu size M. ฤแปi lแบกi thรฌ lแบกi giao ฤen size L vร mรฌnh vแบซn phแบฃi chแปu tiแปn ship. Dรน khรดng bao nhiรชu nhฦฐng vแบซn mong shop cรณ thแป nhแบฏc ฤแบฟn hay xin lแปi, ฤแบฑng nรy khรดng hแป cรณ. Lแบงn ฤแบงu cลฉng nhฦฐ lแบงn cuแปi",xin_lแปi rแบฅt_ฤแบนp รกo hรng bแป lรm_sao ฤรณ ฤแบทt lแบกi giao lแบกi thรฌ lแบกi giao ฤen vร mรฌnh vแบซn khรดng nhฦฐng vแบซn shop cรณ ฤแบฟn nรy khรดng cรณ cลฉng nhฦฐ,-1,1
161178,Hรng bแป lแปi bung chแป!! Bรกn khรดng cรณ tรขm khรดng xem kแปน.. chแป bung hแบฟt luรดn,bแป_lแปi bung_chแป khรดng_cรณ_tรขm hรng bรกn khรดng xem chแป luรดn,-1,1
161734,"1 sao cho thรกi ฤแป phแปฅc vแปฅ quรก tแป cแปงa shop. Mรฌnh yรชu cแบงu ฤแปi hรng do mรฌnh ฤแบทt nhแบงm size(lแปi do mรฌnh) nhฦฐng shop ฤรฃ chแบฅp nhแบญn ฤแปi hรng cho mรฌnh mร cแปฉ แบญm แปซ mฦฐแปi mแบฅy ngรy, lรบc nรo cลฉng bแบฃo mรฌnh rรกng ฤแปฃi. Khรดng ฤแปi thรฌ nรณi 1 tiแบฟng lร ฤฦฐแปฃc chแปฉ sao vแบญy. Dแปch vแปฅ bรกn hรng tแป quรก tแป",quรก_tแป nhแบงm_size sao cho cแปงa shop mรฌnh hรng mรฌnh ฤแบทt mรฌnh nhฦฐng shop ฤรฃ hรng cho mรฌnh mร nรo cลฉng mรฌnh khรดng thรฌ nรณi lร ฤฦฐแปฃc chแปฉ sao vแบญy bรกn hรng,-1,1
161847,"Cรณ dรญnh vแบฟt bแบฉn, khรดng giแบทt ra, vแปฉt luรดn รกo",bแบฉn cรณ khรดng ra luรดn รกo,-1,1
161986,"Tiแปn nรo cแปงa nแบฅy, รกo khรดng khรกc gรฌ cรกi giแบป lau",tiแปn_nรo_cแปงa_nแบฅy รกo khรดng gรฌ cรกi,-1,1
162025,Shop ok ฤแปi mแบซu mร 2 tuแบงn rแปi chฦฐa thแบฅy hรng ฤรขu. ฤแปi hay khรดng nรณi 1 cรขu ai bแบฏt รฉp gรฌ ฤรขu.,shop ok mร rแปi thแบฅy hรng ฤรขu khรดng nรณi gรฌ ฤรขu,-1,1
162099,"Shop lแปซa ฤแบฃo, shop lรm khรดng uy tรญn, shop giแบฃ dแปi",lแปซa_ฤแบฃo shop shop lรm khรดng shop,-1,1
162551,"Biแบฟt lร quแบงn รกo giรก rแบป thรฌ khรดng mong ฤแปฃi gรฌ nhiแปu nhฦฐng quรก thแบฅt vแปng. Quแบงn thรฌ chแป cแบฏt khรดng ฤแปฉt, chun quแบงn chแป bung hแบฟt. Quแบงn รกo size L nhฦฐ size M dรกn ฤรจ lรชn. รo cลฉng bung hแบฟt chแป แปng tay vแปi vแบกt รกo. 
Mua vแป ko mแบทc ฤฦฐแปฃc",giรก_rแบป thแบฅt_vแปng khรดng_mแบทc biแบฟt lร quแบงn_รกo thรฌ khรดng gรฌ nhฦฐng quรก quแบงn thรฌ chแป khรดng quแบงn chแป quแบงn_รกo nhฦฐ lรชn รกo cลฉng chแป vแปi รกo mua vแป ฤฦฐแปฃc,-1,1
162878,"Haizz!! รo bแป rรกch,may khรดng ok cho lแบฏm
ฤแบทt mรu xanh giao mรu ฤen.hแบฟt biแบฟt nรณi",rรกch giao_mรu รกo bแป khรดng ok cho lแบฏm ฤแบทt mรu ฤen biแบฟt nรณi,-1,1
163942,Hรng chแบฅt lฦฐแปฃng nhฦฐ mรด tแบฃ. Size XL bแป rแปng mรฌnh liรชn hแป shop ฤแป ฤแปi size L gแบงn 1 tuแบงn r nhฦฐng shop khรดng phแบฃn hแปi.,hรng chแบฅt_lฦฐแปฃng nhฦฐ bแป mรฌnh shop ฤแป nhฦฐng shop khรดng,-1,1
164084,"vแบฃi tแป, nt shop khรดng ฤแปi giรบp รกo....",tแป shop khรดng รกo,-1,1
165727,รo quรก mแปng. Khรดng thแป mแปng hฦกn ฤฦฐแปฃc nแปฏa. Dรน 15k thแบญt nhฦฐng khรดng nghฤฉ lร nรณ mแปng nhฦฐ vแบญy!,khรดng_thแป รกo quรก hฦกn ฤฦฐแปฃc nแปฏa khรดng nhฦฐng khรดng lร nรณ nhฦฐ vแบญy,-1,1
167029,"Hรng ฤรณng gรณi khรดng cแบฉn thแบญn, mรฌnh mua รกo trแบฏng vแป mแป hรng thแบฅy bแป dรญnh ฤแบฅt tรนm lum nhรฌn khรดng muแปn nhแบญn hรng. Mรฌnh cลฉng khรดng ฤแบทt ฤiแปu cho shop vรฌ thแปฑc tแบฟ trรชn thรดng tin kiแปn hรng cลฉng ฤแป kiแปn hรng bแป mรณp mรฉo. Mรฌnh nhแป em mรฌnh lแบฅy hรng giรนm nรชn nรณ khรดng biแบฟt kiแปm hรng ฤรฃ nhแบญn luรดn. Tแปn tiแปn",cแบฉn_thแบญn khรดng_ฤแบทt nhแบญn_hรng khรดng_biแบฟt hรng ฤรณng_gรณi khรดng mรฌnh mua รกo vแป hรng thแบฅy bแป nhรฌn khรดng mรฌnh cลฉng cho shop vรฌ hรng cลฉng ฤแป hรng bแป mรฌnh em mรฌnh hรng nรชn nรณ hรng ฤรฃ luรดn,-1,1
167058,"Chแบฅt sp xแบฅu, form รกo khรดng cรขn ฤแปi",chแบฅt sแบฃn_phแบฉm รกo khรดng,-1,1
167661,ฤรฃ nhแบญn ฤฦฐแปฃc hรng Shop giao. Chแบฅt lฦฐแปฃng sแบฃn phแบฉm lร vแบฃi thun pha poly khรดng thแบฅm. Shop giao hรng nhanh,giao_hรng_nhanh ฤรฃ ฤฦฐแปฃc hรng shop giao chแบฅt_lฦฐแปฃng sแบฃn_phแบฉm lร khรดng shop,-1,1
168880,Quรก thแบฅt vแปng. lแบงn t4 mua แป shop mร lแบงn nรy shop lรm ฤn chรกn quรก. chแบฅt nhรฌn khรดng muแปn mแบทc. mแบทc cแปฉng kinh khแปงng. quรก tแปi tแป,tแป chรกn lรm_ฤn thแบฅt_vแปng quรก tรดi mua แป shop mร nรy shop quรก chแบฅt nhรฌn khรดng mแบทc mแบทc quรก,-1,1
168929,"รกo quรก mแปng, cแบฃm giรกc khรดng chแปng nแบฏng ฤฦฐแปฃc",รกo quรก khรดng ฤฦฐแปฃc,-1,1
169151,"Ngฦฐแปi bรกn khรดng kiแปm tra hรng trฦฐแปc khi giao,thiแบฟu trรกch nhiแปm trong mua bรกn.chแป thแปซa vร ฤฦฐแปng may ฤแปฉt lung tung. 1 lแบงn chแปฉ khรดng cรณ lแบงn 2.",khรดng_cรณ chแป_thแปซa ฤฦฐแปng_may giao_thiแบฟu ngฦฐแปi bรกn khรดng hรng khi mua_bรกn vร chแปฉ,-1,1
170156,"Mแปi mua mร thแบฅy trแบงy rแปi, ฤc vรi bแปฏa chแบฏc vแปฉt luรดn, cลฉng khรดng trรกch ฤฦฐแปฃc tiแปn nรo cแปงa ฤรณ. Thแบฅy review tแปt quรก nรชn mua. ฤฦฐแปฃc cรกi dแปch vแปฅ shop tแปt.",nรชn_mua tiแปn_nรo_cแปงa_ฤรณ mua mร thแบฅy rแปi ฤฦฐแปฃc luรดn cลฉng khรดng ฤฦฐแปฃc thแบฅy quรก ฤฦฐแปฃc cรกi shop,-1,1
171112,"Sp nhรกi kรฉm chแบฅt lฦฐแปฃng. Mแบทt trong cแปงa phรญa sau quแบงn k cรณ in thรดng tin sp nhฦฐ hรng xแปn. Chun khรดng co dรฃn, ฤฦฐแปng may chรญnh giแปฏa sau lฦฐng quแบงn rแบฅt tแป vร vรด duyรชn.",tแป khรดng_cรณ ฤฦฐแปng_may kรฉm_chแบฅt_lฦฐแปฃng sแบฃn_phแบฉm cแปงa sau quแบงn sแบฃn_phแบฉm nhฦฐ hรng_khรดng sau quแบงn rแบฅt vร,-1,1
171462,Mua quแบงn MS 303 nhแบญn ฤฦฐแปฃc quแบงn nรy. Khรดng mแปt ฤiแปm giแปng.,mua quแบงn ฤฦฐแปฃc quแบงn nรy khรดng mแปt,-1,1
171463,lแบฅy 1 mรu ฤen 1 mรu xanh khรดng co giรฃn nhฦฐ mแบซu Ms303 lแบฅy lแบงn trฦฐแปc . thแบฅt vแปng luรดn,thแบฅt_vแปng mรu ฤen mรu khรดng nhฦฐ luรดn,-1,1
173029,Lแบงn trฦฐแปc nhแป bแบกn mua dรนm hรng tแปt chแบฅt lฦฐแปฃng nรชn mรฌnh rแบฅt thรญch. Mรฌnh ฤรฃ quyแบฟt ฤแปnh mua lแบกi lแบงn 2.Nhฦฐng lแบงn nรy shop khiแบฟn mรฌnh rแบฅt rแบฅt thแบฅt vแปng๐Mรฌnh mua ฤแป lรm quร nhฦฐng hแปp lแบกi bแป nhฦฐ thแบฟ nรy. Bรชn trong cลฉng kco thแบป bแบฃo hรnh. Do mรฌnh ฤรฃ mua lแบงn 2 tin tฦฐแปng shop nรชn khรดng quay video lแบกi,quay_lแบกi thแบฅt_vแปng mua hรng chแบฅt_lฦฐแปฃng nรชn mรฌnh rแบฅt mรฌnh ฤรฃ mua lแบกi nhฦฐng nรy shop mรฌnh rแบฅt rแบฅt mรฌnh mua ฤแป lรm nhฦฐng lแบกi bแป nhฦฐ thแบฟ nรy bรชn cลฉng mรฌnh ฤรฃ mua shop nรชn khรดng ๐,-1,1
173471,Chแบฅt liรชu khรดng phแบฃi da thแบญt nhฦฐ quแบฃng cรกo trong bรกn hรng. Sแบฃn phแบฉm khรดng tแปt. Yรชu cแบงu trแบฃ hรng khรดng ฤฦฐแปฃc giแบฃi quyแบฟt vร trแบฃ lแปi thแปa ฤรกng. Shopee khรดng bแบฃo vแป quyแปn lแปฃi cho khรกch hรng. Lแปซa gแบกt khรกch hรng hแบกch sรกch khรกch ฤแปง thแปฉ mร khรดng cรณ vฤn bแบฃng hay chแปฉng tแปซ gรฌ chแปฉng nhแบญn hรng mรฌnh lร hรng thแบญt,trแบฃ lแปซa_gแบกt khรดng_cรณ nhแบญn_hรng khรดng_tแปt khรดng_phแบฃi khรดng_ฤฦฐแปฃc chแบฅt nhฦฐ bรกn hรng sแบฃn_phแบฉm hรng vร khรดng cho khรกch_hรng khรกch_hรng khรกch mร gรฌ mรฌnh lร hรng,-1,1
173583,"Dแปch vแปฅ cแปงa shop rแบฅt tแปt nhg khi nhแบญn ฤc hรng thรฌ khรก thแบฅt vแปng.  
Vรญ dรกn keo bแป bong chรณc 1 รญt,  phแบงn da khรดng thแบญt.  Ngฤn ฤแปฑng tiแปn sฦก sรi rแบฅt xแบฅu,  ฤแปu.  Thks shop.",thแบฅt_vแปng cแปงa shop rแบฅt nhฦฐng khi ฤฦฐแปฃc hรng thรฌ bแป phแบงn khรดng rแบฅt shop,-1,1
174268,Chแบฅt da ฤแบนp nhฦฐng bแป tiแปn vรo khรดng khoรก ฤฦฐแปฃc khรดng biwwts lร lร lแปi hay thiแบฟt kแบฟ thแบฟ,chแบฅt nhฦฐng vรo khรดng ฤฦฐแปฃc khรดng lร lร thแบฟ,-1,1
175235,"Nhแปฏng ai khรดng muแปn phiแปn vแป viแปc ฤแปi trแบฃ hรng thรฌ nรชn trao ฤแปi vแปi shop trฦฐแปc. Moฬฃi nguฬoฬฬi mua haฬng caฬฬn phaฬi nhaฬฬn tin truฬoฬฬc cho shop: ""ฤuฬฬng giao quaฬฬn RAฬCH cho khaฬch"".",trแบฃ khรดng vแป hรng thรฌ nรชn vแปi shop mua ngฦฐแปi nha cho shop ngฦฐแปi giao ra cho,-1,1
175942,"Giao hรng nhanh, sแบฃn phแบฉm phรน hแปฃp giรก tiแปn nhg cแบงn dรนng thแปญ trong thแปi gian dรi mแปi biแบฟt ฤฦฐแปฃc chแบฅt lฦฐแปฃng cรณ bแปn khรดng.",phรน_hแปฃp giao_hรng_nhanh sแบฃn_phแบฉm nhฦฐng biแบฟt ฤฦฐแปฃc chแบฅt_lฦฐแปฃng cรณ khรดng,-1,1
176986,Khรดng ฤแบนp nhฦฐ trong hรฌnh vแบฃi hฦกi mแปng hฦกi thแบฅt vแปng  khรดng cรณ hแปp ฤแปฑng hฦกi thรด sฦก khรดng cแบญn thแบญn.,khรดng_cรณ hฦกi_mแปng khรดng_ฤแบนp thแบฅt_vแปng nhฦฐ khรดng,-1,1
177178,Giao hรng khรดng giแปng quแบฃng cรกo. Hแบฟt hรng hay s cลฉng khรดng thรดng bรกo,khรดng_giแปng giao hรng_hรng cลฉng khรดng,-1,1
178199,"รi khรดng, cรกi ฤcm hรng nhฦฐ cc, mua ฤรฉo thแป phรญ tiแปn hฦกn. Cรกc bแบกn sฤn sale thรฌ cแปฉ 1k mร mua vแป lรm giแบป lau",phรญ_tiแปn khรดng cรกi hรng nhฦฐ mua hฦกn thรฌ khรดng mร mua vแป lรm,-1,1
178551,"Chแบฅt lฦฐแปฃng vแบฃi chแบฅp nhแบญn ฤฦฐแปฃc, khรดng rรต cรณ phแบฃi lแปฅa nhฦฐ quแบฃng cรกo khรดng nhฦฐng cรณ vแบฟt nhฤn. Tแป nhแบฅt lร viแปc ฤแบทt รกo size L nhฦฐng khi mแบทc thรฌ รกo rแบฅt chแบญt vร nhแป. Cรณ lแบฝ cแปก L cแปงa shop lร cแปก S bรฌnh thฦฐแปng. ฤแปnh cho 3 sao nhฦฐng mแบฅt tiแปn mua ฤแป mร khรดng thแป mแบทc nรชn ฤรกnh giรก 2 sao. Cแบฃm thแบฅy khรดng hรi lรฒng.",tแป chแบญt khรดng_thแป bรฌnh_thฦฐแปng chแบฅt_lฦฐแปฃng ฤฦฐแปฃc khรดng cรณ nhฦฐ khรดng nhฦฐng cรณ lร ฤแบทt รกo nhฦฐng khi mแบทc thรฌ รกo rแบฅt vร cรณ cแปงa shop lร cho sao nhฦฐng mua mร mแบทc nรชn sao thแบฅy khรดng,-1,1
178854,"Tแบฅt khรดng dรy dแบทn lแบฏm, ฤรดi ฤen giรy hฦกn ฤรดi trแบฏng nhฦฐng giรก 2 ฤรดi sฤn sale nhฦฐ vแบญy ok",khรดng lแบฏm ฤen hฦกn nhฦฐng nhฦฐ vแบญy ok,-1,1
178864,Hรng vแปฉt ฤi khรดng ai lแบฅy,hรng ฤi khรดng,-1,1
179466,Tรดi khรดng nhแบญn ฤฦฐแปฃc hรng. ฤรฃ liรชn hแป shopee vร JT express khรดng hแป ฤฦฐแปฃc xแปญ lรฝ.,khรดng_nhแบญn_ฤฦฐแปฃc tรดi hรng ฤรฃ vร khรดng ฤฦฐแปฃc,-1,1
179815,"TRแปI ฦI!!! รO Bแป RรCH, rรกch lแปn luรดn รฝ, shop ko kiแปm tra hรng trฦฐแปc khi giao hแบฃ??๐ก
Thแบญt sแปฑ thแบฅt vแปng๐
Khรดng nhแปฏng thแบฟ cรฒn vรด cรนng nhiแปu chแป thแปซa, ฤฦฐแปng may แบฉu, vแบฃi mแปng nแปฏa
Mong shop ฤแปi hรng cho mรฌnh๐๐",rรกch trแปi_ฦกi vแบฃi_mแปng chแป_thแปซa ฤฦฐแปng_may thแบฅt_vแปng รกo bแป luรดn shop khรดng hรng khi giao khรดng thแบฟ cรฒn nแปฏa shop hรng cho mรฌnh ๐ก ๐ ๐,-1,1
179845,Thแปฑc sแปฑ lร tแป khi nhแบญn hรng cแบงm vรo k biแบฟt cรณ phแบฃi รกo hay k nแปฏa mแป ra chแบฅt liแปu khรดng khรกc gรฌ lร รกo mฦฐa in hรฌnh mแบทc dรน biแบฟt tiแปn nรo cแปงa ฤรณ nhฦฐng k nghฤฉ nรณ tแป ฤแบฟn mแปฉc vแบญy,tแป nhแบญn_hรng khรดng_biแบฟt tiแปn_nรo_cแปงa_ฤรณ lร khi vรo cรณ รกo khรดng nแปฏa ra chแบฅt khรดng gรฌ lร รกo mแบทc biแบฟt nhฦฐng khรดng nรณ ฤแบฟn vแบญy,-1,1
180156,Chuแบฉn bแป hรng rแบฅt lรขu. Hแบฟt mแบซu cลฉng khรดng bรกo khรกch ฤแป ฤแปi mแบซu mร tแปฑ รฝ giao mแบซu cho khรกch. Mรฌnh ฤแบทt mรu ฤen shop gแปญi mรu trแบฏng mร khรดng ฤรบng mแบซu. Nhฦฐng chแบฅt vแบฃi thรฌ oke chแป tแบกi kh thรญch mแบซu shop tแปฑ gแปญi,rแบฅt_lรขu chแบฅt_vแบฃi khรดng_ฤรบng khรดng_thรญch bแป hรng cลฉng khรดng khรกch ฤแป mร giao cho khรกch mรฌnh ฤแบทt mรu ฤen_shop mรu mร nhฦฐng thรฌ ok chแป shop,-1,1
180336,"ฤแบนp thรฌ ฤแบนp, chแปฉ chแบฅt pha nilon mแบทc nรณng tแป, lรชn dรกng dรต buแปn cฦฐแปi, chแบฅt xแบฅu mรฌnh khรดng ฦฐng lแบฏm nรชn ฤรฃ ฤแป nghแป hoรn trแบฃ sแปp khรดng ฤแปng รฝ, cแบฃm ฦกn shop vรฌ lแบงn mua ฤแบงu vร khรดng bao h cรณ lแบงn sau ๐๐mn cรขn nhแบฏc khi mua แบก",tแป trแบฃ thรฌ_ฤแบนp cรขn_nhแบฏc chแบฅt_xแบฅu mแบทc_nรณng khรดng_ฦฐng chแปฉ chแบฅt lรชn mรฌnh lแบฏm nรชn ฤรฃ khรดng shop vรฌ mua vร khรดng cรณ sau ngฦฐแปi khi mua แบก ๐ ๐,-1,1
180422,":) giao hรng thiแบฟu, khรกch report khรดng phแบฃn hแปi. Buรดn bรกn gรฌ ngแป bแบกn.",giao_hรng_thiแบฟu khรกch khรดng bรกn gรฌ,-1,1
180436,"Vแบฃi nhanh xรน, chแบฅt lฦฐแปฃng in bthg, dแป bong, khรดng nรฉt, cแป รกo giแบทt nhiแปu dแป bแป doรฃng, fom รกo khรดng ฤep",khรดng_ฤแบนp chแบฅt_lฦฐแปฃng khรดng รกo bแป รกo,-1,1
180511,ฤรบng lร tiแปn nรo cแปงa nแบฅy. Nhฦฐng chแบฅt lฦฐแปฃng so vแปi giรก nรy vแบซn cรฒn khรก chรกt lแบฏm. Tฦฐแปng cแปงa SWE chรญnh hรฃng sale nรชn mua khรดng ฤแป รฝ,nรชn_mua tiแปn_nรo_cแปงa_nแบฅy lร nhฦฐng chแบฅt_lฦฐแปฃng vแปi nรy vแบซn cรฒn lแบฏm cแปงa khรดng ฤแป,-1,1
180522,"Shop giao thiแบฟu รกo cho em , shop cลฉng cรณ nรณi sแบฝ chuyแปn  sแป tiแปn รกo thiแบฟu ฤรณ nma shop khรดng chuyแปn :(( 2c รกo kia dรy dแบทn lแบฏm แบก",giao_thiแบฟu shop รกo cho em shop cลฉng cรณ nรณi sแบฝ รกo ฤรณ nhฦฐng mร shop khรดng รกo lแบฏm แบก,-1,1
181417,"Sแบฃn phแบฉm thแบฅy ghรช lแบฏm
Khรดng hแป giแปng nhฦฐ trรชn hรฌnh ฤรขu
Vแบฃi khรกc hoรn toรn
Chแบฏc do mรฌnh mua deal 10k nรชn shop giao sp khรกc, cรฒn giรก 60k chแบฏc sแบฝ giแปng. Trฦฐแปng hแปฃp nแบฟu mua 60k mร giao cรกi nhฦฐ nรy chแบฏc sแบฝ cรณ khแปi bแบกn รดm cแปฅc tแปฉc",tแปฉc khรดng_nรชn sแบฃn_phแบฉm thแบฅy lแบฏm khรดng nhฦฐ ฤรขu mรฌnh mua shop giao sแบฃn_phแบฉm cรฒn khรดng sแบฝ mua khรดng mร giao cรกi nhฦฐ nรy sแบฝ cรณ,-1,1
182172,"Mรกc รกo k giแปng แบฃnh, tay รกo cลฉng k cรณ mรกc nhแป nhฦฐ แบฃnh, hรฌnh in thรฌ bแป xแป xuแปng hแบณn ngแปฑc chแปฉ khรดng แป trรชn ฤoแบกn cแป รกo lแบกi cรฒn in bแป lแปch, chun cแป รกo thรฌ thแบฅp bแบฑng 1 nแปญa chun cแป trong แบฃnh. Nรณi chung รกo xแบฅu nhรฌn lแบกi cรฒn dแบกi ฤแปซng ai mua nhรฉ.",khรดng_cรณ khรดng_giแปng_แบฃnh รกo รกo cลฉng nhฦฐ thรฌ bแป chแปฉ khรดng แป รกo lแบกi cรฒn bแป รกo thรฌ nรณi_chung รกo nhรฌn lแบกi cรฒn mua nhรฉ,-1,1
182670,"khรดng thแป tin tฦฐแปng shop nรy ฤฦฐแปฃc,  ai tin thรฌ cแปฉ mua.  nรณi thแบญt thรฌ shop khรดng bแบฑng lรฒng.  chแปฅp แบฃnh bแบฑng ฤiแปn thoแบกi samsung galaxy S20 thรฌ bแบฃo lร ฤแป phรขn giแบฃi kรฉm . แบฃnh ฤฤng trรชn shop khรกc vแปi แบฃnh ฤฤng bรกn rแบฅt nhiแปu. mแปi ngฦฐแปi cแบฉn thแบญn cรขn nhแบฏc..",cรขn_nhแบฏc cแบฉn_thแบญn khรดng_thแป shop nรy ฤฦฐแปฃc thรฌ mua nรณi thรฌ shop khรดng thรฌ lร shop vแปi bรกn rแบฅt ngฦฐแปi,-1,1
182880,"Giao hรng nhanh nhฦฐng khรดng ฤรบng nhฦฐ mรด tแบฃ, quแบฃng cรกo hแบกt 12ly nhฦฐng chแป ฤฦฐแปฃc 8 ly, to nhแป khรดng ฤแปu, giรก rแบป ฤi cรนng chแบฅt lฦฐแปฃng thแบฅp, ฤรบng lร hรng mแปน kรฝ kiแปu hรng lแปi...",giรก_rแบป khรดng_ฤรบng giao_hรng_nhanh nhฦฐng nhฦฐ nhฦฐng chแป ฤฦฐแปฃc khรดng ฤi chแบฅt_lฦฐแปฃng lร hรng_hรng,-1,1
183701,"Chแบฅt lฦฐแปฃng kรฉm. Kรญch thฦฐแปc bแบฑng tแบฅt trแบป em
Rแบฅt khรดng hรi lรฒng.",chแบฅt_lฦฐแปฃng_kรฉm em rแบฅt khรดng,-1,1
184291,"Trรชn bao bรฌ ghi 80%cotton mร mรฌnh mแบทc thแบฅy khรดng hแบณn thแบฟ, chแบฅt vแบฃi giแปng nhฦฐ quแบงn รกo ฤรก hรณng แบฅy, hฦกi thแบฅt vแปng chรบt",chแบฅt_vแบฃi thแบฅt_vแปng mร mรฌnh mแบทc thแบฅy khรดng thแบฟ nhฦฐ quแบงn_รกo,-1,1
184388,"Sแบฃn phแบฉm nhแบญn khรดng giแปng mรu mแบซu ฤแบทt, ib shop khรดng phแบฃn hแปi",khรดng_giแปng sแบฃn_phแบฉm mรu ฤแบทt shop khรดng,-1,1
185205,Shipper giao hรng khรดng tรฌm ฤฦฐแปฃc ฤฦฐแปng thรดi mร quรกt vรo mแบทt khรกch cรกu thแปฑc sแปฑ,giao hรng_khรดng ฤฦฐแปฃc thรดi mร vรo khรกch,-1,1
185677,"Shop khรดng ktra kฤฉ hรng ฤแป hแปng mร vแบซn giao ,  Chฦฐa dรนng ฤรฃ bแป hแปng nรบt khoรก",bแป_hแปng khรดng_kฤฉ shop hรng mร vแบซn giao ฤรฃ,-1,1
185901,"Khรดng hรi lรฒng, ฤแบทt vรญ da, bao bรฌ ghi vรญ da nhฦฐng bรชn trong lแบกi lร mรณc chรฌa khoรก.",khรดng ฤแบทt nhฦฐng bรชn lแบกi lร,-1,1
186507,"Lแปi hรng 1 lแบงn ฤรฃ ฤแปi trรฃ, ฤแบทt lแบกi vแบซn lแปi. Shop quรก xem thฦฐแปng khรกch hรng. Khรดng uy tรญnh, sแบฃn phแบฉm k ฤแบกt chแบฅt lฦฐแปฃng.",hรng ฤรฃ ฤแบทt lแบกi vแบซn shop quรก xem khรกch_hรng_khรดng sแบฃn_phแบฉm khรดng chแบฅt_lฦฐแปฃng,-1,1
187206,รกo bแป rรกch shop khรดng uy tรญn :),rรกch รกo bแป shop khรดng,-1,1
189652,"รo rรกch, dฦก, shop khรดng giแบทt",dฦก rรกch รกo shop khรดng,-1,1
189817,"ฤแบทt cแปก L giao cho XXl bรณ tay sแบฝ khรดng bแบฃo giแป mua lแบกi lแบงn thแปฉ 2. Thแบฅt vแปng bแป ra hฦกn 400k mua vแป mแบทc chแบณng ra gรฌ, Thรขn!",khรดng_mua thแบฅt_vแปng ฤแบทt giao cho sแบฝ khรดng mua lแบกi ra hฦกn vแป mแบทc ra gรฌ,-1,1
189824,Giao hรnh nhanh. Nhฦฐng chแบฅt lฦฐแปฃng khรดng ฤแบกt,giao nhฦฐng chแบฅt_lฦฐแปฃng khรดng,-1,1
190387,"Shop bรกo lร hรng TheNorthFace chuแบฉn VNXK mร รกo khรดng hแป cรณ logo cแปงa TNF, cแบฃ mแบทt trฦฐแปc lแบซn mแบทt sau,
Mรฌnh dรนng bรฌnh xแปt tฦฐแปi cรขy ฤแป chแบฟ ฤแป phun sฦฐฦกng xแปt vรo รกo thรฌ ngแบฅm luรดn, khรดng hแป cรณ khแบฃ nฤng khรกng nฦฐแปc nhแบน nhฦฐ quแบฃng cรกo. รo mแบซu thรฌ lร mรu xanh, ฤen, trong khi รกo nhแบญn ฤฦฐแปฃc lร xanh xรกm.",shop lร hรng mร รกo khรดng cรณ cแปงa cแบฃ sau mรฌnh ฤแป vรo รกo thรฌ luรดn khรดng cรณ nhฦฐ รกo thรฌ lร mรu ฤen khi รกo ฤฦฐแปฃc lร,-1,1
190766,"Sแบฃn phแบฉm kรฉm chแบฅt lฦฐแปฃng rรกch ,  nแบฑm trong tรบi bแปc bแบฉn bแบฑng niแปm tin ร  trแบฃ lแปi xuแป xรฒa,  khรดng chแปu  trรกch nhiแปm,  khรดng trแบฃ lแปi lแบกi.  Yรชu cแบงu ban shop nรy  cรกi",bแบฉn rรกch sแบฃn_phแบฉm_kรฉm khรดng_trแบฃ_lแปi kรฉm_chแบฅt_lฦฐแปฃng chแบฅt_lฦฐแปฃng khรดng lแบกi shop nรy cรกi,-1,1
192041,"Chuแบฉn bแป hรng chแบญm!
Bรกn nhแบงm hรng cho khรกch, thao tรกc hoรn trแบฃ ฤแปฃi ฤแบฟn cuแปi thแปi hแบกn mแปi chแบฅp thuแบญn!
Nhแบฏn tin bรกo giao nhแบงm hรng, yรชu cแบงu hoรn trแบฃ thรฌ khรดng xแปญ lรฝ cho khรกch ngay mร dรขy dฦฐa!
Ai cรณ รฝ ฤแปnh mua shop nรy nรชn trรกnh nhรฉ
KHรNG NรN MUA SHOP NรY!
RแบคT KHรNG HรI LรNG",trแบฃ khรดng_nรชn_mua bแป hรng bรกn hรng cho khรกch ฤแบฟn giao hรng thรฌ khรดng cho khรกch mร cรณ mua shop nรy nรชn nhรฉ_shop nรy rแบฅt khรดng,-1,1
192567,"Chแบฅt lฦฐแปฃng khรดng tฦฐฦกng xแปฉng giรก tiแปn, vแบฃi รกo mแปm cรฒn cแป cแปฉng ngแบฏc, mรu bแปt, giแบทt thรฌ ra mรu kinh khแปงng. ฤแปฃt mua sale cรกc shop trรชn FB vแบฃi tแปt hฦกn hแบณn, tรดn dรกng hฦกn, ฤฦฐแปng chแป รญt lแปi hฦกn nhiแปu. Shop treo giรก sale thแบญt sแปฑ khรดng ฤรกng tiแปn tแบนo nรo",ฤฦฐแปng_chแป khรดng_ฤรกng_tiแปn chแบฅt_lฦฐแปฃng khรดng รกo cรฒn mรu thรฌ ra mรu mua shop hฦกn hฦกn hฦกn shop nรo,-1,1
192762,Kรญnh khรดng bแบฑng loแบกi trแบป con chฦกi ฤeo trรชn mแบฏt gรฃy cแบฏt mแบฏt khรดng ฤรบng trฦฐa bao giแป mua phแบฃi hรng ฤแปu nhฦฐ vแบญy,gรฃy khรดng_ฤรบng khรดng mua hรng nhฦฐ vแบญy,-1,1
193303,"Mรฌnh rแบฅt khรดng hรi lรฒng khi giao cho mรฌnh k ฤรบng SP mรฌnh mong muแปn mร k thรดng bรกo trฦฐแปc. Thแบญt sแปฑ khรดng chuyรชn nghiแปp lรm mรฌnh phรกt cรกu, mรฌnh ฤรฃ bแบฅm hoรn hรng rแปi nhฦฐng nghฤฉ lแบกi tแปn time cแปงa mรฌnh. Mรฌnh k muแปn mแปt mแปi thรชm. Cแบฃm ฦกn nแบฟu shop ฤรฃ ฤแปc ฤc suy nghฤฉ hiรชn tแบกi cแปงa mรฌnh.",khรดng_ฤรบng khรดng_chuyรชn_nghiแปp mรฌnh rแบฅt khรดng khi giao cho mรฌnh sแบฃn_phแบฉm mรฌnh mร khรดng lรm mรฌnh mรฌnh ฤรฃ hรng rแปi nhฦฐng lแบกi cแปงa mรฌnh mรฌnh khรดng thรชm shop ฤรฃ ฤฦฐแปฃc cแปงa mรฌnh,-1,1
194130,"ฤแบทt 6 รกo giao 3 รกo
shop khรดng bรกo hแบฟt hรng cลฉng khรดng thรจm trแบฃ lแปi tin nhแบฏn",trแบฃ khรดng_thรจm ฤแบทt รกo giao รกo shop khรดng hรng cลฉng,-1,1
194169,"Shipper rแบฅt thรกi ฤแป. Mรฌnh bแบฃo nay mรฌnh khรดng cรณ nhร mai qua giao, mร chiแปu lแบกi tแปi giแปฅc ra lแบฅy. Mรฌnh ฤรnh nhแป ngฦฐแปi gแบงn nhร ra lแบฅy, 2p sau chฦฐa kแปp ra ฤรฃ ฤi mแบฅt rแปi. Cรฒn gแปi ฤiแปn bแบฃo lแบงn sau nhฦฐ thแบฟ ฤแปซng ฤแบทt hรng nแปฏa. Khรดng ฤแบฏt ฤแป gรฌ 1,5k cลฉng ko biแบฟt hรng giแป ฤang แป ฤรขu nรชn ko ฤรกnh giรก ฤฦฐแปฃc",ฤแบทt_hรng khรดng_cรณ khรดng_biแบฟt khรดng_ฤรกnh_giรก rแบฅt mรฌnh mรฌnh giao mร lแบกi ra mรฌnh ngฦฐแปi ra sau ra ฤรฃ ฤi rแปi cรฒn sau nhฦฐ thแบฟ nแปฏa khรดng gรฌ khรดng cลฉng hรng แป ฤรขu nรชn ฤฦฐแปฃc,-1,1
194690,Shop giแปi thiแปu size 3xl cho 90 -100kg mร ck mรฌnh 93kg mแบทc รกo rแปng dรi miรชn man. Nt shop hแป trแปฃ ฤแปi size khรดng thรฌ shop kรชu khรกch gแปญi hรng ฤi chแปu phรญ 2chiแปu 55k. Tiแปn phรญ gแบงn bแบฑng tiแปn รกo luรดn. ฤรบng lร hรng sale cรณ khรกc.,khรดng_mแบทc giแปi_thiแปu shop cho khรดng mร mรฌnh รกo shop khรดng thรฌ shop khรกch_hรng ฤi khรดng รกo luรดn lร hรng cรณ,-1,1
197871,"Tแบฅt mแปng, chแบฅt liแปu khรดng bแปn",chแบฅt khรดng,-1,1
198144,Nhรฌn tแบกm ฤc mร ko dรนng ฤฦฐแปฃc khรดng cรi ฤc lแบซy shop gแปญi hรng lแปi quรก quรก lร thแบฅt vแปng,tแบกm_ฤฦฐแปฃc thแบฅt_vแปng khรดng_dรนng nhรฌn mร ฤฦฐแปฃc khรดng ฤฦฐแปฃc shop hรng quรก quรก lร,-1,1
198665,"ฤแบทt mรu than ghi nhฦฐng lแบกi giao thรnh mรu ฤen ฤแป lรm ฤn quรก gian dแปi nแบฟu hแบฟt hรng thรฌ phแบฃi nรณi 1 cรขu, hแบนn ฤฦกn vแป vแบญn chuyแปn ฤแบฟn lแบฅy hรng hoรn vรo ngรy 25 nhฦฐng khรดng ฤแบฟn ฤรบng hแบนn nรชn hแปงy luรดn yรชu cแบงu hoรn ฤแป lรชn ฤรกnh giรก, nแบฟu cรณ 0 sao sแบตn sรng ฤรกnh giรก 0 sao cho cแบฃ ngฦฐแปi bรกn lแบซn ฤฦกn vแป vแบญn chuyแปn.",lรm_ฤn ฤแบทt mรu nhฦฐng lแบกi giao mรu ฤen quรก hรng thรฌ nรณi ฤแบฟn hรng vรo nhฦฐng khรดng ฤแบฟn nรชn luรดn ฤแป lรชn cรณ sao sao cho cแบฃ ngฦฐแปi bรกn,-1,1
200010,"Giao 2 cรกi quแบงn cรณ dรขy ฤรบng,cรฒn 2 cรกi khรดng dรขy sai nรชn ฤรกnh giรก 2 sao lร vแปซa",giao cรกi quแบงn cรณ cรฒn cรกi khรดng nรชn sao lร,-1,1
200124,"Giao hรng nhanh, gรณi cแบฉn thแบญn. ฤแบทt mรu ฤen nhฦฐng lแบกi giao mรu xanh, thรกi ฤแป shop kรฉm. Khรดng bแบฅm ฤแปi hรng ฤแป ฤรกnh giรก cho b nรo mua sau lฦฐu รฝ.",cแบฉn_thแบญn giao_mรu giao_hรng_nhanh gรณi ฤแบทt mรu ฤen nhฦฐng lแบกi shop khรดng hรng ฤแป cho nรo mua sau,-1,1
200163,Sp bแป lแปi. Khi mแป hรng mรฌnh khรดng xem lแบกi nรชn ฤแบฟn khi mแบทc mแปi biแบฟt.,bแป_lแปi sแบฃn_phแบฉm khi hรng mรฌnh khรดng xem lแบกi nรชn ฤแบฟn khi mแบทc biแบฟt,-1,1
201191,"รo khรดng phแบฃn quang, shop phแปฅc vแปฅ kh nhiแปtt tรฌnh",รกo khรดng shop khรดng,-1,1
